tweet_id,author,entity_id,filtering,polarity,topic,topic_priority,timestamp
1.87E+17,BMW_LifeMorals,RL2013D01E001,UNRELATED,,,,1333486250
2.03E+17,BMW_LifeMorals,RL2013D01E001,UNRELATED,,,,1337133909
2.05E+17,YoSoyElPuto,RL2013D01E001,RELATED,NEUTRAL,other topics,UNIMPORTANT,1337624827
2.06E+17,HelenaAbidin,RL2013D01E001,UNRELATED,,,,1337922664
2.07E+17,VinesBMW,RL2013D01E001,RELATED,POSITIVE,Euro NCAP crash test,MILDLY_IMPORTANT,1338290365
2.08E+17,evguide,RL2013D01E001,RELATED,POSITIVE,BMW official partner of the olympics,MILDLY_IMPORTANT,1338474857
2.08E+17,BMW_LifeMorals,RL2013D01E001,UNRELATED,,,,1338488259
2.08E+17,ScarbsF1,RL2013D01E001,RELATED,NEUTRAL,other topics,UNIMPORTANT,1338493696
2.08E+17,DayanisxP,RL2013D01E001,RELATED,NEUTRAL,other topics,UNIMPORTANT,1338501977
2.08E+17,Corey__Deal,RL2013D01E001,RELATED,NEUTRAL,other topics,UNIMPORTANT,1338507763
2.08E+17,kathyinbc,RL2013D01E001,RELATED,POSITIVE,Opinion about BMW,MILDLY_IMPORTANT,1338508886
2.08E+17,BMW_LifeMorals,RL2013D01E001,UNRELATED,,,,1338513750
2.08E+17,Salinaqcg03102,RL2013D01E001,RELATED,POSITIVE,BMW parts and accesories for sale,MILDLY_IMPORTANT,1338525354
2.08E+17,rts_bmw,RL2013D01E001,RELATED,POSITIVE,BMW parts and accesories for sale,MILDLY_IMPORTANT,1338528955
2.08E+17,Kenyettamhc1373,RL2013D01E001,RELATED,POSITIVE,BMW parts and accesories for sale,MILDLY_IMPORTANT,1338530071
2.08E+17,BasedHerFace,RL2013D01E001,UNRELATED,,,,1338533555
2.08E+17,MoiraStansville,RL2013D01E001,RELATED,POSITIVE,New products: M3 and M5 M Performance,MILDLY_IMPORTANT,1338535204
2.08E+17,Ten2Eight,RL2013D01E001,RELATED,NEUTRAL,News involving a BMW but not directly involved with the brand,UNIMPORTANT,1338537809
2.08E+17,avelinasdwec,RL2013D01E001,RELATED,POSITIVE,Opinion about BMW,MILDLY_IMPORTANT,1338540505
2.08E+17,freeolarticles,RL2013D01E001,RELATED,POSITIVE,Electric BMW cars ,MILDLY_IMPORTANT,1338544272
2.09E+17,Robypazzelli,RL2013D01E001,RELATED,POSITIVE,New products,MILDLY_IMPORTANT,1338545188
2.09E+17,BringBackJobs,RL2013D01E001,RELATED,POSITIVE,"Handwriting recognition, gesture controls in BMW vehicles",MILDLY_IMPORTANT,1338545911
2.09E+17,LBGizmo,RL2013D01E001,RELATED,POSITIVE,Videogames,UNIMPORTANT,1338545997
2.09E+17,iksanabagaira,RL2013D01E001,RELATED,POSITIVE,BMW merchandising for sale,MILDLY_IMPORTANT,1338546206
2.09E+17,Kenyettamhc1373,RL2013D01E001,RELATED,POSITIVE,BMW parts and accesories for sale,MILDLY_IMPORTANT,1338547338
2.09E+17,LouiseRidley,RL2013D01E001,RELATED,POSITIVE,BMW official partner of the olympics,MILDLY_IMPORTANT,1338547954
2.09E+17,fermindonado,RL2013D01E001,RELATED,NEUTRAL,other topics,UNIMPORTANT,1338548942
2.09E+17,BMWMotorrad,RL2013D01E001,RELATED,POSITIVE,Videos of BMW,MILDLY_IMPORTANT,1338549747
2.09E+17,carpatos,RL2013D01E001,RELATED,NEGATIVE,BMW sales,MILDLY_IMPORTANT,1338551430
2.09E+17,Jandehornois,RL2013D01E001,RELATED,POSITIVE,New brand store in Paris,MILDLY_IMPORTANT,1338552774
2.09E+17,jackieracing,RL2013D01E001,RELATED,NEUTRAL,Sport,MILDLY_IMPORTANT,1338554386
2.09E+17,BernyInglewood,RL2013D01E001,RELATED,POSITIVE,BMW repairs,UNIMPORTANT,1338555317
2.09E+17,peppe_ferreri,RL2013D01E001,RELATED,NEGATIVE,other topics,UNIMPORTANT,1338555458
2.09E+17,giannis,RL2013D01E001,RELATED,POSITIVE,Comparison with competition,MILDLY_IMPORTANT,1338555930
2.09E+17,whatyou_sayin,RL2013D01E001,UNRELATED,,,,1338558701
2.09E+17,ChayzzDevyant,RL2013D01E001,RELATED,NEUTRAL,other topics,UNIMPORTANT,1338559207
2.09E+17,dasautobahn,RL2013D01E001,RELATED,POSITIVE,BMW vehicles for sale,MILDLY_IMPORTANT,1338559279
2.09E+17,Godinabunnysuit,RL2013D01E001,RELATED,NEUTRAL,other topics,UNIMPORTANT,1338559316
2.09E+17,jobstairs_jobs,RL2013D01E001,RELATED,POSITIVE,Job offers,MILDLY_IMPORTANT,1338560642
2.09E+17,TwistedRoss,RL2013D01E001,UNRELATED,,,,1338561768
2.09E+17,WoodHampshire,RL2013D01E001,RELATED,NEUTRAL,Facts about BMW ,UNIMPORTANT,1338562505
2.09E+17,georgiannaujwhe,RL2013D01E001,RELATED,POSITIVE,BMW parts and accesories for sale,MILDLY_IMPORTANT,1338563252
2.09E+17,DaniPernia,RL2013D01E001,RELATED,NEUTRAL,other topics,UNIMPORTANT,1338563357
2.09E+17,Usedcarexpert,RL2013D01E001,RELATED,POSITIVE,New products,MILDLY_IMPORTANT,1338564593
2.09E+17,G_Velasco7,RL2013D01E001,RELATED,POSITIVE,BMW vehicles for sale,MILDLY_IMPORTANT,1338564932
2.09E+17,highlinemotors,RL2013D01E001,RELATED,POSITIVE,BMW vehicles for sale,MILDLY_IMPORTANT,1338565505
2.09E+17,MotoringChat,RL2013D01E001,RELATED,NEGATIVE,BMW breaks down,MILDLY_IMPORTANT,1338565819
2.09E+17,dathaynie,RL2013D01E001,RELATED,POSITIVE,Drive a BMW,UNIMPORTANT,1338565925
2.09E+17,mjimenezzz,RL2013D01E001,RELATED,POSITIVE,Opinion about BMW,MILDLY_IMPORTANT,1338566691
2.09E+17,TreciePooh,RL2013D01E001,UNRELATED,,,,1338567498
2.09E+17,JamieJamsterG,RL2013D01E001,RELATED,NEUTRAL,other topics,UNIMPORTANT,1338567550
2.09E+17,asmallworld_net,RL2013D01E001,RELATED,NEUTRAL,New brand store in Paris,MILDLY_IMPORTANT,1338568392
2.09E+17,D2FORGED,RL2013D01E001,RELATED,POSITIVE,Opinion about BMW,MILDLY_IMPORTANT,1338569082
2.09E+17,Earlsimxx,RL2013D01E001,RELATED,POSITIVE,New products: BMW 7 Series,MILDLY_IMPORTANT,1338569309
2.09E+17,bwmhelp,RL2013D01E001,RELATED,NEUTRAL,Comparison between BMW models,MILDLY_IMPORTANT,1338569599
2.09E+17,CARandDRIVER,RL2013D01E001,RELATED,POSITIVE,New products: BMW 7 Series,MILDLY_IMPORTANT,1338569681
2.09E+17,OnlyTheBess,RL2013D01E001,RELATED,POSITIVE,Own a BMW,UNIMPORTANT,1338569823
2.09E+17,renedeboer,RL2013D01E001,RELATED,POSITIVE,Pictures of BMW,MILDLY_IMPORTANT,1338570116
2.09E+17,wwwLISTFOXnet,RL2013D01E001,RELATED,POSITIVE,BMW parts and accesories for sale,MILDLY_IMPORTANT,1338570144
2.09E+17,cjcilloniz,RL2013D01E001,RELATED,POSITIVE,BMW vehicles for sale,MILDLY_IMPORTANT,1338570190
2.09E+17,d2theustin,RL2013D01E001,RELATED,NEGATIVE,Car dealer,UNIMPORTANT,1338570239
2.09E+17,yajnworb,RL2013D01E001,RELATED,POSITIVE,BMW vehicles for sale,MILDLY_IMPORTANT,1338571641
2.09E+17,edwi1szjco,RL2013D01E001,RELATED,POSITIVE,BMW parts and accesories for sale,MILDLY_IMPORTANT,1338572443
2.09E+17,francisco_820,RL2013D01E001,RELATED,POSITIVE,other topics,UNIMPORTANT,1338572666
2.09E+17,iHateJohnpham,RL2013D01E001,RELATED,NEGATIVE,New products: M3 and M5 M Performance,MILDLY_IMPORTANT,1338573845
2.09E+17,Arezno,RL2013D01E001,RELATED,NEGATIVE,Own a BMW,UNIMPORTANT,1338574717
2.09E+17,sheebapkv,RL2013D01E001,RELATED,POSITIVE,New products: M3 and M5 M Performance,MILDLY_IMPORTANT,1338576046
2.09E+17,Wildehomme,RL2013D01E001,RELATED,NEUTRAL,New brand store in Paris,MILDLY_IMPORTANT,1338576065
2.09E+17,Shiiiiisho,RL2013D01E001,RELATED,NEUTRAL,other topics,UNIMPORTANT,1338579183
2.09E+17,bmw_free,RL2013D01E001,RELATED,POSITIVE,BMW vehicles for sale,MILDLY_IMPORTANT,1338581209
2.09E+17,bmwfantweets,RL2013D01E001,RELATED,POSITIVE,New products: M3 and M5 M Performance,MILDLY_IMPORTANT,1338581388
2.09E+17,PookyD81,RL2013D01E001,RELATED,NEGATIVE,New products: M3 and M5 M Performance,MILDLY_IMPORTANT,1338582698
2.09E+17,GUNSNROSES_DE,RL2013D01E001,RELATED,POSITIVE,Pictures of BMW,MILDLY_IMPORTANT,1338583829
2.09E+17,jwd49174,RL2013D01E001,RELATED,POSITIVE,Own a BMW,UNIMPORTANT,1338586902
2.09E+17,beshkena914,RL2013D01E001,RELATED,POSITIVE,Videos of BMW,MILDLY_IMPORTANT,1338586948
2.09E+17,ReyInsurance,RL2013D01E001,RELATED,POSITIVE,other topics,UNIMPORTANT,1338587369
2.09E+17,carsnatl,RL2013D01E001,RELATED,POSITIVE,BMW vehicles for sale,MILDLY_IMPORTANT,1338588309
2.09E+17,darboledarosero,RL2013D01E001,RELATED,NEUTRAL,other topics,UNIMPORTANT,1338588586
2.09E+17,leandrococa19,RL2013D01E001,UNRELATED,,,,1338590683
2.09E+17,VWRiquelme,RL2013D01E001,RELATED,NEGATIVE,BMW breaks down,MILDLY_IMPORTANT,1338591317
2.09E+17,paginaanuncios,RL2013D01E001,RELATED,POSITIVE,BMW vehicles for sale,MILDLY_IMPORTANT,1338591341
2.09E+17,AustinRivers25,RL2013D01E001,RELATED,NEUTRAL,other topics,UNIMPORTANT,1338593795
2.09E+17,bmw_tha_wiz,RL2013D01E001,UNRELATED,,,,1338593944
2.09E+17,Praised1_Ahmad,RL2013D01E001,RELATED,NEUTRAL,Own a BMW,UNIMPORTANT,1338594907
2.09E+17,XmasBeSwaggin,RL2013D01E001,RELATED,NEUTRAL,other topics,UNIMPORTANT,1338595356
2.09E+17,RaachelO_o,RL2013D01E001,RELATED,POSITIVE,Own a BMW,UNIMPORTANT,1338596560
2.09E+17,AlejandroRojaas,RL2013D01E001,RELATED,NEUTRAL,other topics,UNIMPORTANT,1338600350
2.09E+17,mushkinzlopay,RL2013D01E001,RELATED,POSITIVE,Books about BMW,MILDLY_IMPORTANT,1338601638
2.09E+17,sales4NYC,RL2013D01E001,RELATED,POSITIVE,BMW vehicles for sale,MILDLY_IMPORTANT,1338602105
2.09E+17,clutchCTRL,RL2013D01E001,RELATED,POSITIVE,Pictures of BMW,MILDLY_IMPORTANT,1338602433
2.09E+17,Ecorzo12_4,RL2013D01E001,UNRELATED,,,,1338602571
2.09E+17,ragmanist,RL2013D01E001,RELATED,POSITIVE,BMW merchandising for sale,MILDLY_IMPORTANT,1338602963
2.09E+17,_EbonyMonique,RL2013D01E001,RELATED,POSITIVE,other topics,UNIMPORTANT,1338603047
2.09E+17,homegarden1,RL2013D01E001,RELATED,POSITIVE,Pictures of BMW,MILDLY_IMPORTANT,1338603273
2.09E+17,Pravda_King,RL2013D01E001,UNRELATED,,,,1338603675
2.09E+17,Permbambungan,RL2013D01E001,RELATED,POSITIVE,Videos of BMW,MILDLY_IMPORTANT,1338603798
2.09E+17,marcdevellis,RL2013D01E001,RELATED,POSITIVE,Pictures of BMW,MILDLY_IMPORTANT,1338604941
2.09E+17,DJBabeyDrew,RL2013D01E001,RELATED,POSITIVE,New products: BMW 7 Series,MILDLY_IMPORTANT,1338612181
2.09E+17,sell_your_car,RL2013D01E001,RELATED,POSITIVE,BMW vehicles for sale,MILDLY_IMPORTANT,1338612600
2.09E+17,sanderfoot507,RL2013D01E001,RELATED,NEUTRAL,other topics,UNIMPORTANT,1338612655
2.09E+17,DaniiGee,RL2013D01E001,RELATED,NEGATIVE,BMW breaks down,MILDLY_IMPORTANT,1338613387
2.09E+17,maxi24org,RL2013D01E001,RELATED,POSITIVE,BMW vehicles for sale,MILDLY_IMPORTANT,1338617909
2.09E+17,gregmelandow,RL2013D01E001,RELATED,POSITIVE,Raffle to win a BMW,UNIMPORTANT,1338619210
2.09E+17,foreverfrayer,RL2013D01E001,RELATED,NEUTRAL,other topics,UNIMPORTANT,1338619282
2.09E+17,ugly4real,RL2013D01E001,RELATED,POSITIVE,Pictures of BMW,MILDLY_IMPORTANT,1338625836
2.09E+17,NooHar,RL2013D01E001,RELATED,POSITIVE,Comparison with competition,MILDLY_IMPORTANT,1338626252
2.09E+17,madaspizza,RL2013D01E001,RELATED,NEGATIVE,Sport,MILDLY_IMPORTANT,1338626921
2.09E+17,AliceAungier,RL2013D01E001,RELATED,POSITIVE,Pictures of BMW,MILDLY_IMPORTANT,1338627404
2.09E+17,polarogramexcl,RL2013D01E001,RELATED,NEGATIVE,Opinion about BMW,MILDLY_IMPORTANT,1338627530
2.09E+17,PostcodeLottery,RL2013D01E001,RELATED,POSITIVE,Raffle to win a BMW,UNIMPORTANT,1338629415
2.09E+17,FredoraDaFlyes,RL2013D01E001,RELATED,NEGATIVE,Opinion about BMW,MILDLY_IMPORTANT,1338629621
2.09E+17,tombonesbbq,RL2013D01E001,RELATED,NEGATIVE,Opinion about BMW,MILDLY_IMPORTANT,1338629899
2.09E+17,HiMyNameIsMark_,RL2013D01E001,RELATED,POSITIVE,Own a BMW,UNIMPORTANT,1338630196
2.09E+17,MarkusEhret,RL2013D01E001,RELATED,POSITIVE,New products: BMW 7 Series,MILDLY_IMPORTANT,1338630465
2.09E+17,trabajator,RL2013D01E001,RELATED,NEUTRAL,News about BMW,MILDLY_IMPORTANT,1338631122
2.09E+17,usedcarsauction,RL2013D01E001,RELATED,POSITIVE,BMW vehicles for sale,MILDLY_IMPORTANT,1338631642
2.09E+17,AffordableAutoP,RL2013D01E001,RELATED,POSITIVE,BMW parts and accesories for sale,MILDLY_IMPORTANT,1338632682
2.09E+17,FangyingC,RL2013D01E001,RELATED,POSITIVE,Own a BMW,UNIMPORTANT,1338634328
2.09E+17,Valerie_VW,RL2013D01E001,RELATED,NEGATIVE,BMW stolen,UNIMPORTANT,1338634686
2.09E+17,Tweet_Cars,RL2013D01E001,RELATED,POSITIVE,Review of car models,MILDLY_IMPORTANT,1338634999
2.09E+17,asif03,RL2013D01E001,RELATED,POSITIVE,Opinion about BMW,MILDLY_IMPORTANT,1338638348
2.09E+17,nachocd7,RL2013D01E001,RELATED,POSITIVE,Opinion about BMW,MILDLY_IMPORTANT,1338642581
2.09E+17,GebruikteAutoNL,RL2013D01E001,RELATED,NEUTRAL,other topics,UNIMPORTANT,1338642903
2.09E+17,artnet,RL2013D01E001,RELATED,POSITIVE,Exhibitions at BMW Museum,UNIMPORTANT,1338643137
2.09E+17,VisarEmini,RL2013D01E001,RELATED,NEUTRAL,other topics,UNIMPORTANT,1338643713
2.09E+17,partner4profit,RL2013D01E001,RELATED,POSITIVE,Raffle to win a BMW,UNIMPORTANT,1338643828
2.09E+17,ChelsPonick,RL2013D01E001,RELATED,NEUTRAL,other topics,UNIMPORTANT,1338644995
2.09E+17,sch_1989,RL2013D01E001,RELATED,POSITIVE,BMW repairs,UNIMPORTANT,1338645463
2.09E+17,Carscoop,RL2013D01E001,RELATED,POSITIVE,Concorso d'Eleganza Villa dÍEste 2012,MILDLY_IMPORTANT,1338645846
2.09E+17,Trendzona,RL2013D01E001,RELATED,POSITIVE,Review of car models,MILDLY_IMPORTANT,1338646235
2.09E+17,axelkenninck,RL2013D01E001,RELATED,POSITIVE,Pictures of BMW,MILDLY_IMPORTANT,1338646630
2.09E+17,motorious,RL2013D01E001,RELATED,POSITIVE,Comparison with competition,MILDLY_IMPORTANT,1338648565
2.09E+17,exoticmotors1,RL2013D01E001,RELATED,POSITIVE,Drive a BMW,UNIMPORTANT,1338649770
2.09E+17,CountryGalMoya,RL2013D01E001,RELATED,POSITIVE,Own a BMW,UNIMPORTANT,1338651055
2.09E+17,crossover2g,RL2013D01E001,RELATED,NEGATIVE,other topics,UNIMPORTANT,1338654458
2.09E+17,talavera_g,RL2013D01E001,RELATED,POSITIVE,Pictures of BMW,MILDLY_IMPORTANT,1338655488
2.09E+17,Kingjames12368,RL2013D01E001,RELATED,POSITIVE,Own a BMW,UNIMPORTANT,1338660247
2.09E+17,klspeed,RL2013D01E001,RELATED,NEGATIVE,other topics,UNIMPORTANT,1338660491
2.09E+17,proamhsd,RL2013D01E001,RELATED,NEGATIVE,other topics,UNIMPORTANT,1338660701
2.09E+17,chelseypatience,RL2013D01E001,RELATED,NEGATIVE,other topics,UNIMPORTANT,1338661184
2.09E+17,bmwblog,RL2013D01E001,RELATED,POSITIVE,New products,MILDLY_IMPORTANT,1338662568
2.09E+17,manualfordwnld,RL2013D01E001,RELATED,POSITIVE,BMW repairs,UNIMPORTANT,1338663203
2.09E+17,FancyElonya,RL2013D01E001,RELATED,POSITIVE,Own a BMW,UNIMPORTANT,1338665617
2.09E+17,TheSheikh,RL2013D01E001,UNRELATED,,,,1338665947
2.09E+17,sell_your_car,RL2013D01E001,RELATED,POSITIVE,BMW vehicles for sale,MILDLY_IMPORTANT,1338665983
2.09E+17,caseyytessaa,RL2013D01E001,UNRELATED,,,,1338667792
2.09E+17,itzTabz,RL2013D01E001,RELATED,POSITIVE,Review: Zagato Coup_,MILDLY_IMPORTANT,1338669379
2.09E+17,rodricarri,RL2013D01E001,RELATED,POSITIVE,Review: Zagato Coup_,MILDLY_IMPORTANT,1338670477
2.09E+17,HSPalm,RL2013D01E001,RELATED,NEGATIVE,BMW breaks down,MILDLY_IMPORTANT,1338670724
2.09E+17,MartuCamet,RL2013D01E001,RELATED,POSITIVE,Own a BMW,UNIMPORTANT,1338671329
2.09E+17,Princess_Teeee,RL2013D01E001,RELATED,POSITIVE,Own a BMW,UNIMPORTANT,1338671658
2.09E+17,Wavyslime,RL2013D01E001,UNRELATED,,,,1338672228
2.09E+17,ineedMO_,RL2013D01E001,RELATED,POSITIVE,Own a BMW,UNIMPORTANT,1338676852
2.09E+17,MeAndMyBugatti,RL2013D01E001,RELATED,POSITIVE,other topics,UNIMPORTANT,1338677024
2.09E+17,pr012,RL2013D01E001,RELATED,NEUTRAL,Own a BMW,UNIMPORTANT,1338677644
2.09E+17,scott_dodge,RL2013D01E001,RELATED,NEGATIVE,other topics,UNIMPORTANT,1338680013
2.09E+17,juliangai328,RL2013D01E001,RELATED,POSITIVE,Review of car models,MILDLY_IMPORTANT,1338680118
2.09E+17,GNebiros,RL2013D01E001,RELATED,NEUTRAL,Beat the devil short film,UNIMPORTANT,1338684803
2.09E+17,BiancoAutoSales,RL2013D01E001,RELATED,POSITIVE,BMW vehicles for sale,MILDLY_IMPORTANT,1338684837
2.09E+17,TrebolClan1,RL2013D01E001,RELATED,POSITIVE,Pictures of BMW,MILDLY_IMPORTANT,1338686235
2.09E+17,BMW_LifeMorals,RL2013D01E001,UNRELATED,,,,1338687447
2.09E+17,BodyByNicola,RL2013D01E001,RELATED,POSITIVE,Raffle to win a BMW,UNIMPORTANT,1338693329
2.09E+17,funnyorfact,RL2013D01E001,RELATED,POSITIVE,Own a BMW,UNIMPORTANT,1338702306
2.09E+17,Ten2Eight,RL2013D01E001,RELATED,POSITIVE,New products,MILDLY_IMPORTANT,1338702832
2.09E+17,wired,RL2013D01E001,RELATED,POSITIVE,"Handwriting recognition, gesture controls in BMW vehicles",MILDLY_IMPORTANT,1338703200
2.09E+17,wati_,RL2013D01E001,RELATED,NEGATIVE,Pictures of BMW,MILDLY_IMPORTANT,1338704640
2.09E+17,Harrietspj34884,RL2013D01E001,RELATED,POSITIVE,BMW parts and accesories for sale,MILDLY_IMPORTANT,1338711463
2.09E+17,last_of_mybreed,RL2013D01E001,RELATED,NEGATIVE,Own a BMW,UNIMPORTANT,1338714983
2.09E+17,caliichris_3,RL2013D01E001,RELATED,POSITIVE,Own a BMW,UNIMPORTANT,1338718922
2.09E+17,Trillionaire,RL2013D01E001,RELATED,NEGATIVE,Own a BMW,UNIMPORTANT,1338721049
2.09E+17,JackUpton1,RL2013D01E001,RELATED,POSITIVE,Drive a BMW,UNIMPORTANT,1338724328
2.09E+17,Muhsin_31,RL2013D01E001,UNRELATED,,,,1338725771
2.09E+17,auto1212,RL2013D01E001,RELATED,POSITIVE,BMW parts and accesories for sale,MILDLY_IMPORTANT,1338729009
2.09E+17,misbahhere,RL2013D01E001,RELATED,NEUTRAL,other topics,UNIMPORTANT,1338730399
2.09E+17,Rawad_Merhi,RL2013D01E001,UNRELATED,,,,1338734476
2.09E+17,JrszyJames,RL2013D01E001,RELATED,POSITIVE,Pictures of BMW,MILDLY_IMPORTANT,1338736391
2.09E+17,Phitswar,RL2013D01E001,RELATED,POSITIVE,Own a BMW,UNIMPORTANT,1338737406
2.09E+17,ZoBoi_F,RL2013D01E001,RELATED,POSITIVE,other topics,UNIMPORTANT,1338740588
2.09E+17,1HandsomeHustla,RL2013D01E001,RELATED,POSITIVE,Drive a BMW,UNIMPORTANT,1338742383
2.09E+17,MissBalls,RL2013D01E001,UNRELATED,,,,1338744156
2.09E+17,TheNorseOdin,RL2013D01E001,RELATED,NEUTRAL,other topics,UNIMPORTANT,1338744829
2.09E+17,PinkGrasshoppr,RL2013D01E001,RELATED,NEUTRAL,other topics,UNIMPORTANT,1338745961
2.09E+17,OutsideGroove,RL2013D01E001,RELATED,POSITIVE,Pictures of BMW,MILDLY_IMPORTANT,1338747764
2.09E+17,MyAutomotive,RL2013D01E001,RELATED,POSITIVE,"Handwriting recognition, gesture controls in BMW vehicles",MILDLY_IMPORTANT,1338747922
2.09E+17,marcosunay,RL2013D01E001,RELATED,POSITIVE,Comparison with competition,MILDLY_IMPORTANT,1338750107
2.09E+17,PIMPMYBMW,RL2013D01E001,RELATED,POSITIVE,BMW sales,MILDLY_IMPORTANT,1338750522
2.09E+17,carsnatl,RL2013D01E001,RELATED,POSITIVE,BMW vehicles for sale,MILDLY_IMPORTANT,1338753601
2.09E+17,JDLastra,RL2013D01E001,RELATED,POSITIVE,Videos of BMW,MILDLY_IMPORTANT,1338755595
2.09E+17,DriverBrian,RL2013D01E001,RELATED,NEGATIVE,BMW sales,MILDLY_IMPORTANT,1338757157
2.09E+17,lolnahword,RL2013D01E001,RELATED,NEGATIVE,Opinion about BMW,MILDLY_IMPORTANT,1338757241
2.09E+17,Pravda_King,RL2013D01E001,UNRELATED,,,,1338757974
2.09E+17,danielle_MTV,RL2013D01E001,RELATED,POSITIVE,Own a BMW,UNIMPORTANT,1338760440
2.09E+17,carsnatl,RL2013D01E001,RELATED,POSITIVE,BMW vehicles for sale,MILDLY_IMPORTANT,1338760931
2.09E+17,s1c1m,RL2013D01E001,RELATED,POSITIVE,Pictures of BMW,MILDLY_IMPORTANT,1338761129
2.09E+17,bmw_free,RL2013D01E001,RELATED,POSITIVE,New products: BMW 7 Series,MILDLY_IMPORTANT,1338761616
2.09E+17,amillieya,RL2013D01E001,RELATED,POSITIVE,Own a BMW,UNIMPORTANT,1338764210
2.09E+17,owv61,RL2013D01E001,RELATED,POSITIVE,BMW merchandising for sale,MILDLY_IMPORTANT,1338767484
2.09E+17,SharMBaugh,RL2013D01E001,RELATED,NEGATIVE,Opinion about BMW,MILDLY_IMPORTANT,1338768233
2.09E+17,JustinRose99,RL2013D01E001,RELATED,POSITIVE,BMW Championship,MILDLY_IMPORTANT,1338769091
2.09E+17,EdJactthar,RL2013D01E001,RELATED,POSITIVE,Comparison with competition,MILDLY_IMPORTANT,1338769094
2.09E+17,rkent45,RL2013D01E001,RELATED,POSITIVE,Own a BMW,UNIMPORTANT,1338770411
2.09E+17,ravelink,RL2013D01E001,RELATED,NEGATIVE,Own a BMW,UNIMPORTANT,1338771519
2.09E+17,KPtheMasher,RL2013D01E001,RELATED,POSITIVE,Own a BMW,UNIMPORTANT,1338772432
2.09E+17,Ariffnp5j98,RL2013D01E001,RELATED,POSITIVE,Own a BMW,UNIMPORTANT,1338772822
2.09E+17,benMwilson31289,RL2013D01E001,RELATED,POSITIVE,Pictures of BMW,MILDLY_IMPORTANT,1338772882
2.09E+17,inkyHooper,RL2013D01E001,UNRELATED,,,,1338772941
2.09E+17,AUTOPLUSGT,RL2013D01E001,RELATED,POSITIVE,Pictures of BMW,MILDLY_IMPORTANT,1338778877
2.09E+17,WilliamTooILL_,RL2013D01E001,RELATED,POSITIVE,Own a BMW,UNIMPORTANT,1338780560
2.09E+17,marianonick95,RL2013D01E001,RELATED,POSITIVE,BMW parts and accesories for sale,MILDLY_IMPORTANT,1338782087
2.09E+17,JHern8,RL2013D01E001,RELATED,POSITIVE,Opinion about BMW,MILDLY_IMPORTANT,1338782384
2.09E+17,Luisfer_Angel,RL2013D01E001,RELATED,NEUTRAL,other topics,UNIMPORTANT,1338782566
2.10E+17,EduCorrales,RL2013D01E001,UNRELATED,,,,1338784721
2.10E+17,xoxomellly,RL2013D01E001,UNRELATED,,,,1338787743
2.10E+17,ProvidingNews,RL2013D01E001,RELATED,POSITIVE,BMW sales,MILDLY_IMPORTANT,1338793064
2.10E+17,tinhead,RL2013D01E001,RELATED,POSITIVE,Pictures of BMW,MILDLY_IMPORTANT,1338795241
2.10E+17,bmw_free,RL2013D01E001,RELATED,POSITIVE,Pictures of BMW,MILDLY_IMPORTANT,1338796245
2.10E+17,SupermanDan01,RL2013D01E001,RELATED,POSITIVE,Pictures of BMW,MILDLY_IMPORTANT,1338797806
2.10E+17,alphamalecal,RL2013D01E001,RELATED,POSITIVE,Favourite car brand,MILDLY_IMPORTANT,1338798267
2.10E+17,TrueFlashwear,RL2013D01E001,RELATED,POSITIVE,BMW vehicles for sale,MILDLY_IMPORTANT,1338801175
2.10E+17,APS_Racing,RL2013D01E001,RELATED,POSITIVE,Woking at BMW,MILDLY_IMPORTANT,1338801868
2.10E+17,BimmerFile,RL2013D01E001,RELATED,POSITIVE,Review of car models,MILDLY_IMPORTANT,1338802089
2.10E+17,ZaidIskanDude,RL2013D01E001,RELATED,POSITIVE,Own a BMW,UNIMPORTANT,1338806223
2.10E+17,autoteile_euro,RL2013D01E001,RELATED,POSITIVE,BMW vehicles for sale,MILDLY_IMPORTANT,1338810645
2.10E+17,Crystalph8,RL2013D01E001,RELATED,POSITIVE,BMW parts and accesories for sale,MILDLY_IMPORTANT,1338812757
2.10E+17,MaxyDesoza,RL2013D01E001,RELATED,POSITIVE,Review of car models,MILDLY_IMPORTANT,1338813189
2.10E+17,FIM_live,RL2013D01E001,RELATED,POSITIVE,Sport,MILDLY_IMPORTANT,1338815041
2.10E+17,diysolarwater,RL2013D01E001,RELATED,POSITIVE,New products,MILDLY_IMPORTANT,1338817157
2.10E+17,roshOPC,RL2013D01E001,RELATED,POSITIVE,other topics,UNIMPORTANT,1338817193
2.10E+17,euroinnov_philg,RL2013D01E001,RELATED,NEGATIVE,BMW sales,MILDLY_IMPORTANT,1338818022
2.10E+17,Bernd_Fesel,RL2013D01E001,UNRELATED,,,,1338818073
2.10E+17,imtiaaz_edwards,RL2013D01E001,RELATED,POSITIVE,Opinion about BMW,MILDLY_IMPORTANT,1338818782
2.10E+17,Mr_touge,RL2013D01E001,RELATED,NEGATIVE,BMW breaks down,MILDLY_IMPORTANT,1338821903
2.10E+17,wichitamd,RL2013D01E001,RELATED,NEUTRAL,other topics,UNIMPORTANT,1338823301
2.10E+17,paginaanuncios,RL2013D01E001,RELATED,POSITIVE,BMW vehicles for sale,MILDLY_IMPORTANT,1338823559
2.10E+17,valariejemison,RL2013D01E001,UNRELATED,,,,1338824230
2.10E+17,worldtuningfans,RL2013D01E001,RELATED,POSITIVE,Review: Zagato Coup_,MILDLY_IMPORTANT,1338826280
2.10E+17,LoveMyLexusIS,RL2013D01E001,RELATED,POSITIVE,Comparison between BMW models,MILDLY_IMPORTANT,1338827478
2.10E+17,AlpineLAMotors,RL2013D01E001,RELATED,POSITIVE,BMW vehicles for sale,MILDLY_IMPORTANT,1338829958
2.10E+17,y_ozgur_guven,RL2013D01E001,RELATED,POSITIVE,Opinion about BMW,MILDLY_IMPORTANT,1338830151
2.10E+17,Adamfromky,RL2013D01E001,RELATED,POSITIVE,Comparison with competition,MILDLY_IMPORTANT,1338831017
2.10E+17,CanAkyol5,RL2013D01E001,RELATED,POSITIVE,Review: Zagato Coup_,MILDLY_IMPORTANT,1338832248
2.10E+17,11DanTheMan11,RL2013D01E001,RELATED,POSITIVE,Opinion about BMW,MILDLY_IMPORTANT,1338833986
2.10E+17,AsMyHeartLetsMe,RL2013D01E001,RELATED,POSITIVE,other topics,UNIMPORTANT,1338834629
2.10E+17,sejogabrasil,RL2013D01E001,RELATED,POSITIVE,New products,MILDLY_IMPORTANT,1338835212
2.10E+17,johncallas344,RL2013D01E001,RELATED,POSITIVE,BMW vehicles for sale,MILDLY_IMPORTANT,1338837273
2.10E+17,SafariRani,RL2013D01E001,RELATED,NEGATIVE,Own a BMW,UNIMPORTANT,1338837390
2.10E+17,TRE_N_Out,RL2013D01E001,RELATED,NEUTRAL,other topics,UNIMPORTANT,1338837796
2.10E+17,auto123,RL2013D01E001,RELATED,NEGATIVE,Electric BMW cars ,MILDLY_IMPORTANT,1338838050
2.10E+17,Treasa_Dekay,RL2013D01E001,RELATED,POSITIVE,BMW Championship,MILDLY_IMPORTANT,1338838146
2.10E+17,bimmermania,RL2013D01E001,RELATED,POSITIVE,BMW vehicles for sale,MILDLY_IMPORTANT,1338840023
2.10E+17,nvsnews_car,RL2013D01E001,RELATED,POSITIVE,BMW copyrights a number of vehicles,MILDLY_IMPORTANT,1338840078
2.10E+17,Gianpiips,RL2013D01E001,RELATED,POSITIVE,New products,MILDLY_IMPORTANT,1338840380
2.10E+17,RoiDyrdek,RL2013D01E001,RELATED,POSITIVE,Drive a BMW,UNIMPORTANT,1338840492
2.10E+17,poleposition01,RL2013D01E001,RELATED,POSITIVE,Videos of BMW,MILDLY_IMPORTANT,1338840653
2.10E+17,mariekinslow,RL2013D01E001,RELATED,POSITIVE,BMW Championship,MILDLY_IMPORTANT,1338840665
2.10E+17,frankkeunen,RL2013D01E001,RELATED,POSITIVE,Drive a BMW,UNIMPORTANT,1338840856
2.10E+17,SpanishTroller,RL2013D01E001,RELATED,POSITIVE,Own a BMW,UNIMPORTANT,1338842226
2.10E+17,MyAutomotive,RL2013D01E001,RELATED,POSITIVE,New products,MILDLY_IMPORTANT,1338843707
2.10E+17,ilovegolf43,RL2013D01E001,RELATED,POSITIVE,BMW Championship,MILDLY_IMPORTANT,1338844971
2.10E+17,ibotoolbox,RL2013D01E001,RELATED,NEUTRAL,other topics,UNIMPORTANT,1338846659
2.10E+17,rts_bmw,RL2013D01E001,RELATED,POSITIVE,BMW vehicles for sale,MILDLY_IMPORTANT,1338846829
2.10E+17,ChistePicantes,RL2013D01E001,RELATED,POSITIVE,Own a BMW,UNIMPORTANT,1338847614
2.10E+17,JJoakoo,RL2013D01E001,RELATED,POSITIVE,Own a BMW,UNIMPORTANT,1338849430
2.10E+17,MicahNikia,RL2013D01E001,RELATED,NEGATIVE,Comparison with competition,MILDLY_IMPORTANT,1338851759
2.10E+17,treadders,RL2013D01E001,RELATED,NEGATIVE,other topics,UNIMPORTANT,1338853222
2.10E+17,autoblogeseco,RL2013D01E001,RELATED,POSITIVE,BMW copyrights a number of vehicles,MILDLY_IMPORTANT,1338853313
2.10E+17,aussietorres,RL2013D01E001,RELATED,NEUTRAL,other topics,UNIMPORTANT,1338855632
2.10E+17,bmwfantweets,RL2013D01E001,RELATED,POSITIVE,New products: BMW 7 Series,MILDLY_IMPORTANT,1338856619
2.10E+17,cars_qna,RL2013D01E001,RELATED,NEUTRAL,other topics,UNIMPORTANT,1338857076
2.10E+17,Rogerelias10,RL2013D01E001,RELATED,POSITIVE,Drive a BMW,UNIMPORTANT,1338857590
2.10E+17,_WarrenG_,RL2013D01E001,RELATED,POSITIVE,Own a BMW,UNIMPORTANT,1338858297
2.10E+17,wb86700,RL2013D01E001,RELATED,POSITIVE,other topics,UNIMPORTANT,1338861052
2.10E+17,roluro,RL2013D01E001,RELATED,NEGATIVE,BMW stolen,UNIMPORTANT,1338861226
2.10E+17,Vendominave,RL2013D01E001,RELATED,POSITIVE,BMW vehicles for sale,MILDLY_IMPORTANT,1338861853
2.10E+17,buscaml,RL2013D01E001,RELATED,POSITIVE,BMW vehicles for sale,MILDLY_IMPORTANT,1338862591
2.10E+17,LaVintageTribe,RL2013D01E001,RELATED,POSITIVE,Own a BMW,UNIMPORTANT,1338863561
2.10E+17,EReviewsToday,RL2013D01E001,RELATED,NEUTRAL,Facts about BMW ,UNIMPORTANT,1338864333
2.10E+17,paginaanuncios,RL2013D01E001,RELATED,POSITIVE,BMW vehicles for sale,MILDLY_IMPORTANT,1338864915
2.10E+17,c_wiggins8211,RL2013D01E001,UNRELATED,,,,1338867201
2.10E+17,himynameiscici,RL2013D01E001,RELATED,POSITIVE,Own a BMW,UNIMPORTANT,1338868374
2.10E+17,AmyRFS,RL2013D01E001,RELATED,POSITIVE,other topics,UNIMPORTANT,1338868527
2.10E+17,E46_BMwhat,RL2013D01E001,RELATED,POSITIVE,Own a BMW,UNIMPORTANT,1338869779
2.10E+17,blonoautos,RL2013D01E001,RELATED,POSITIVE,BMW vehicles for sale,MILDLY_IMPORTANT,1338871212
2.10E+17,tetonmtn,RL2013D01E001,RELATED,POSITIVE,BMW copyrights a number of vehicles,MILDLY_IMPORTANT,1338872558
2.10E+17,PigSpotter,RL2013D01E001,RELATED,NEGATIVE,News involving a BMW but not directly involved with the brand,UNIMPORTANT,1338872599
2.10E+17,Woodybeamer,RL2013D01E001,UNRELATED,,,,1338873426
2.10E+17,remit2011,RL2013D01E001,RELATED,POSITIVE,other topics,UNIMPORTANT,1338876137
2.10E+17,Gretchencoley,RL2013D01E001,RELATED,POSITIVE,Job offers,MILDLY_IMPORTANT,1338876842
2.10E+17,tieravcidenham,RL2013D01E001,RELATED,POSITIVE,BMW parts and accesories for sale,MILDLY_IMPORTANT,1338878311
2.10E+17,dasautobahn,RL2013D01E001,RELATED,POSITIVE,BMW vehicles for sale,MILDLY_IMPORTANT,1338879660
2.10E+17,StuffInCardiff,RL2013D01E001,RELATED,POSITIVE,BMW vehicles for sale,MILDLY_IMPORTANT,1338880084
2.10E+17,Migliuxas,RL2013D01E001,RELATED,POSITIVE,Opinion about BMW,MILDLY_IMPORTANT,1338882600
2.10E+17,ModifiedCars,RL2013D01E001,RELATED,POSITIVE,Pictures of BMW,MILDLY_IMPORTANT,1338883536
2.10E+17,Q8iEnG,RL2013D01E001,RELATED,POSITIVE,BMW vehicles for sale,MILDLY_IMPORTANT,1338884803
2.10E+17,lisajc10,RL2013D01E001,RELATED,POSITIVE,Pictures of BMW,MILDLY_IMPORTANT,1338887165
2.10E+17,UKCars,RL2013D01E001,RELATED,POSITIVE,BMW vehicles for sale,MILDLY_IMPORTANT,1338888722
2.10E+17,WCCustom,RL2013D01E001,RELATED,NEGATIVE,News involving a BMW but not directly involved with the brand,UNIMPORTANT,1338890722
2.10E+17,emuxykuguv,RL2013D01E001,RELATED,POSITIVE,BMW parts and accesories for sale,MILDLY_IMPORTANT,1338891568
2.10E+17,origyzala,RL2013D01E001,RELATED,POSITIVE,BMW merchandising for sale,MILDLY_IMPORTANT,1338892174
2.10E+17,The2ndOpinion,RL2013D01E001,RELATED,NEUTRAL,other topics,UNIMPORTANT,1338892651
2.10E+17,seatcoversnet,RL2013D01E001,RELATED,POSITIVE,BMW tuning,UNIMPORTANT,1338894031
2.10E+17,TSolangi,RL2013D01E001,RELATED,NEUTRAL,Comparison with competition,MILDLY_IMPORTANT,1338894778
2.10E+17,DJNAVES,RL2013D01E001,RELATED,POSITIVE,Car dealer,UNIMPORTANT,1338895871
2.10E+17,Sasha_Duguay,RL2013D01E001,RELATED,POSITIVE,Pictures of BMW,MILDLY_IMPORTANT,1338898801
2.10E+17,TaariqShift,RL2013D01E001,RELATED,POSITIVE,New products,MILDLY_IMPORTANT,1338899142
2.10E+17,elesechan,RL2013D01E001,RELATED,NEUTRAL,other topics,UNIMPORTANT,1338902200
2.10E+17,BoA_SNSD,RL2013D01E001,RELATED,POSITIVE,other topics,UNIMPORTANT,1338902889
2.10E+17,niCOOL069,RL2013D01E001,UNRELATED,,,,1338903362
2.10E+17,manualfordwnld,RL2013D01E001,RELATED,POSITIVE,BMW repairs,UNIMPORTANT,1338904224
2.10E+17,BMW_LifeMorals,RL2013D01E001,UNRELATED,,,,1338906786
2.10E+17,bensherman01,RL2013D01E001,RELATED,POSITIVE,other topics,UNIMPORTANT,1338908054
2.10E+17,EvaMomtaz,RL2013D01E001,UNRELATED,,,,1338908106
2.10E+17,InspGadgetBlogs,RL2013D01E001,RELATED,NEGATIVE,other topics,UNIMPORTANT,1338909657
2.10E+17,carstufffeed,RL2013D01E001,RELATED,POSITIVE,Pictures of BMW,MILDLY_IMPORTANT,1338911040
2.10E+17,BMW_TV_de,RL2013D01E001,RELATED,POSITIVE,Pictures of BMW,MILDLY_IMPORTANT,1338911763
2.10E+17,_Timekaaa,RL2013D01E001,RELATED,POSITIVE,Own a BMW,UNIMPORTANT,1338912185
2.10E+17,newcarsreview,RL2013D01E001,RELATED,POSITIVE,Review of car models,MILDLY_IMPORTANT,1338912421
2.10E+17,GinsD93,RL2013D01E001,RELATED,POSITIVE,Drive a BMW,UNIMPORTANT,1338914701
2.10E+17,WebSelling4U,RL2013D01E001,RELATED,POSITIVE,BMW merchandising for sale,MILDLY_IMPORTANT,1338915532
2.10E+17,butowihykecop,RL2013D01E001,RELATED,NEUTRAL,other topics,UNIMPORTANT,1338915573
2.10E+17,tombennett123,RL2013D01E001,RELATED,NEUTRAL,other topics,UNIMPORTANT,1338916832
2.10E+17,ahmed__sabek,RL2013D01E001,RELATED,POSITIVE,Pictures of BMW,MILDLY_IMPORTANT,1338916958
2.10E+17,USfreebies2010,RL2013D01E001,RELATED,POSITIVE,BMW merchandising for sale,MILDLY_IMPORTANT,1338918300
2.10E+17,Sami_D19,RL2013D01E001,RELATED,POSITIVE,Salesmen/women,MILDLY_IMPORTANT,1338918954
2.10E+17,ileowo4ever,RL2013D01E001,RELATED,POSITIVE,Own a BMW,UNIMPORTANT,1338919962
2.10E+17,Auto2050,RL2013D01E001,RELATED,POSITIVE,Pictures of BMW,MILDLY_IMPORTANT,1338920263
2.10E+17,GemsOfGemz,RL2013D01E001,RELATED,POSITIVE,Pictures of BMW,MILDLY_IMPORTANT,1338922203
2.10E+17,michtiki,RL2013D01E001,RELATED,POSITIVE,Opinion about BMW,MILDLY_IMPORTANT,1338925108
2.10E+17,mozzmedia,RL2013D01E001,RELATED,POSITIVE,New products: BMW 7 Series,MILDLY_IMPORTANT,1338926346
2.10E+17,BlancaGasco,RL2013D01E001,RELATED,NEUTRAL,other topics,UNIMPORTANT,1338926367
2.10E+17,KushCowboyTrell,RL2013D01E001,RELATED,NEUTRAL,other topics,UNIMPORTANT,1338926895
2.10E+17,gansmb,RL2013D01E001,RELATED,POSITIVE,Pictures of BMW,MILDLY_IMPORTANT,1338928116
2.10E+17,licababy_xo,RL2013D01E001,RELATED,POSITIVE,other topics,UNIMPORTANT,1338929936
2.10E+17,BMWMcars,RL2013D01E001,RELATED,POSITIVE,Videos of BMW,MILDLY_IMPORTANT,1338930152
2.10E+17,JesusKenda,RL2013D01E001,RELATED,NEGATIVE,other topics,UNIMPORTANT,1338930295
2.10E+17,TheFriarsClub,RL2013D01E001,RELATED,POSITIVE,Friars Foundation Annual Gala,MILDLY_IMPORTANT,1338931559
2.10E+17,TheKyleRoberts,RL2013D01E001,RELATED,NEGATIVE,Pictures of BMW,MILDLY_IMPORTANT,1338931687
2.10E+17,YAV8Turbo,RL2013D01E001,RELATED,POSITIVE,Videos of BMW,MILDLY_IMPORTANT,1338932224
2.10E+17,LindsayMcParty,RL2013D01E001,RELATED,POSITIVE,Drive a BMW,UNIMPORTANT,1338933256
2.10E+17,bwmhelp,RL2013D01E001,RELATED,NEUTRAL,Comparison between BMW models,MILDLY_IMPORTANT,1338933891
2.10E+17,miquelsilvestre,RL2013D01E001,RELATED,POSITIVE,Opinion about BMW,MILDLY_IMPORTANT,1338935534
2.10E+17,amazontopreview,RL2013D01E001,RELATED,POSITIVE,New products,MILDLY_IMPORTANT,1338935966
2.10E+17,AleGrisoni,RL2013D01E001,RELATED,NEUTRAL,other topics,UNIMPORTANT,1338936528
2.10E+17,Santi_trepichio,RL2013D01E001,RELATED,NEUTRAL,other topics,UNIMPORTANT,1338938120
2.10E+17,Kdc994,RL2013D01E001,RELATED,POSITIVE,Pictures of BMW,MILDLY_IMPORTANT,1338938931
2.10E+17,DCatsHawaii,RL2013D01E001,RELATED,NEUTRAL,other topics,UNIMPORTANT,1338940125
2.10E+17,yo_be_gone,RL2013D01E001,RELATED,POSITIVE,Own a BMW,UNIMPORTANT,1338940235
2.10E+17,BMW_LifeMorals,RL2013D01E001,UNRELATED,,,,1338941402
2.10E+17,JeremyAntonio,RL2013D01E001,RELATED,POSITIVE,Videogames,UNIMPORTANT,1338941778
2.10E+17,GabiCastillo_,RL2013D01E001,RELATED,POSITIVE,Own a BMW,UNIMPORTANT,1338944068
2.10E+17,Victoria_Lynne,RL2013D01E001,RELATED,POSITIVE,Own a BMW,UNIMPORTANT,1338944492
2.10E+17,vermarsandy,RL2013D01E001,RELATED,NEGATIVE,other topics,UNIMPORTANT,1338945879
2.10E+17,sqwoots,RL2013D01E001,RELATED,POSITIVE,Own a BMW,UNIMPORTANT,1338946370
2.10E+17,BMW_LifeMorals,RL2013D01E001,UNRELATED,,,,1338946992
2.10E+17,LABMWcom,RL2013D01E001,RELATED,POSITIVE,BMW vehicles for sale,MILDLY_IMPORTANT,1338948302
2.10E+17,_YG_Hootie,RL2013D01E001,RELATED,POSITIVE,Own a BMW,UNIMPORTANT,1338953599
2.10E+17,XpressitDezz,RL2013D01E001,RELATED,NEGATIVE,Comparison with competition,MILDLY_IMPORTANT,1338954512
2.10E+17,chelseaarenej,RL2013D01E001,UNRELATED,,,,1338956293
2.10E+17,GolfCourseGuy,RL2013D01E001,RELATED,NEUTRAL,BMW Championship,MILDLY_IMPORTANT,1338966534
2.10E+17,motorvendFSBO,RL2013D01E001,RELATED,POSITIVE,BMW vehicles for sale,MILDLY_IMPORTANT,1338967127
2.10E+17,speedstarts,RL2013D01E001,RELATED,POSITIVE,Opinion about BMW,MILDLY_IMPORTANT,1338969117
2.10E+17,Garagem24,RL2013D01E001,RELATED,POSITIVE,BMW vehicles for sale,MILDLY_IMPORTANT,1338969438
2.10E+17,COECOVentures,RL2013D01E001,RELATED,NEGATIVE,BMW copyrights a number of vehicles,MILDLY_IMPORTANT,1338976419
2.10E+17,iamSivN,RL2013D01E001,RELATED,POSITIVE,Own a BMW,UNIMPORTANT,1338979743
2.10E+17,trameve,RL2013D01E001,RELATED,POSITIVE,Review: Zagato Coup_,MILDLY_IMPORTANT,1338985487
2.10E+17,AUTOPAPA,RL2013D01E001,RELATED,POSITIVE,BMW vehicles for sale,MILDLY_IMPORTANT,1338986991
2.10E+17,BMWLand,RL2013D01E001,RELATED,POSITIVE,BMW parts and accesories for sale,MILDLY_IMPORTANT,1338987038
2.10E+17,AutomaticChoice,RL2013D01E001,RELATED,NEUTRAL,Seminar of BMW X5 gearbox,MILDLY_IMPORTANT,1338987161
2.10E+17,SoneGeneration9,RL2013D01E001,RELATED,POSITIVE,BMW vehicles for sale,MILDLY_IMPORTANT,1338990654
2.10E+17,justaman1971,RL2013D01E001,UNRELATED,,,,1338990834
2.10E+17,wadyz77,RL2013D01E001,RELATED,POSITIVE,Global Innovation Series,MILDLY_IMPORTANT,1338991962
2.10E+17,TodaysCarNews,RL2013D01E001,RELATED,POSITIVE,Review of car models,MILDLY_IMPORTANT,1338993301
2.10E+17,TeamTheventEWC,RL2013D01E001,RELATED,NEUTRAL,other topics,UNIMPORTANT,1338994190
2.10E+17,BMWchamps,RL2013D01E001,RELATED,POSITIVE,BMW Championship,MILDLY_IMPORTANT,1338994594
2.10E+17,BMWi,RL2013D01E001,RELATED,POSITIVE,Electric BMW cars ,MILDLY_IMPORTANT,1338995582
2.10E+17,iamLAC_iamATL,RL2013D01E001,RELATED,POSITIVE,Pictures of BMW,MILDLY_IMPORTANT,1338997326
2.10E+17,philatprostreet,RL2013D01E001,RELATED,POSITIVE,Pictures of BMW,MILDLY_IMPORTANT,1338997702
2.10E+17,F2SOps,RL2013D01E001,RELATED,POSITIVE,Global Innovation Series,MILDLY_IMPORTANT,1338998713
2.10E+17,th3givenLight,RL2013D01E001,RELATED,POSITIVE,Own a BMW,UNIMPORTANT,1338999243
2.10E+17,iNaor,RL2013D01E001,RELATED,POSITIVE,Global Innovation Series,MILDLY_IMPORTANT,1338999372
2.10E+17,CarBlogsCo,RL2013D01E001,RELATED,POSITIVE,BMW looks to patent seven-speed manual gearbox,MILDLY_IMPORTANT,1338999863
2.10E+17,Ocean_BMW,RL2013D01E001,RELATED,POSITIVE,Pictures of BMW,MILDLY_IMPORTANT,1339000004
2.10E+17,elcarpo,RL2013D01E001,RELATED,NEUTRAL,other topics,UNIMPORTANT,1339002544
2.10E+17,PlanetReuse,RL2013D01E001,RELATED,POSITIVE,Electric BMW cars ,MILDLY_IMPORTANT,1339002576
2.10E+17,FacebookGeek,RL2013D01E001,RELATED,POSITIVE,BMW official partner of the olympics,MILDLY_IMPORTANT,1339002994
2.10E+17,GO_AHappel,RL2013D01E001,RELATED,POSITIVE,BMW is going to lead in sustainable mobility,MILDLY_IMPORTANT,1339003106
2.10E+17,MediaTip,RL2013D01E001,RELATED,POSITIVE,BMW official partner of the olympics,MILDLY_IMPORTANT,1339003897
2.10E+17,miribegona,RL2013D01E001,RELATED,NEUTRAL,other topics,UNIMPORTANT,1339004265
2.10E+17,josanchezb,RL2013D01E001,RELATED,POSITIVE,BMW vehicles for sale,MILDLY_IMPORTANT,1339005363
2.10E+17,carsmithmotors,RL2013D01E001,RELATED,POSITIVE,BMW vehicles for sale,MILDLY_IMPORTANT,1339005534
2.10E+17,Rai_Serena,RL2013D01E001,RELATED,POSITIVE,Opinion about BMW,MILDLY_IMPORTANT,1339005977
2.10E+17,MissusMagnolia,RL2013D01E001,RELATED,NEUTRAL,other topics,UNIMPORTANT,1339006060
2.10E+17,_HelenaParker,RL2013D01E001,RELATED,POSITIVE,Own a BMW,UNIMPORTANT,1339007058
2.10E+17,TokoRed,RL2013D01E001,RELATED,POSITIVE,Pictures of BMW,MILDLY_IMPORTANT,1339010490
2.10E+17,geekwire,RL2013D01E001,RELATED,POSITIVE,New products,MILDLY_IMPORTANT,1339011036
2.10E+17,iBe_GoinDuffy,RL2013D01E001,RELATED,POSITIVE,Own a BMW,UNIMPORTANT,1339011212
2.10E+17,yomeroaquiles,RL2013D01E001,RELATED,POSITIVE,BMW parts and accesories for sale,MILDLY_IMPORTANT,1339011482
2.10E+17,CSINowedu,RL2013D01E001,RELATED,POSITIVE,BMW official partner of the olympics,MILDLY_IMPORTANT,1339012316
2.10E+17,bimmermania,RL2013D01E001,RELATED,POSITIVE,Pictures of BMW,MILDLY_IMPORTANT,1339012820
2.10E+17,PIMPMYBMW,RL2013D01E001,RELATED,NEGATIVE,Comparison with competition,MILDLY_IMPORTANT,1339016677
2.11E+17,fillvackE0,RL2013D01E001,RELATED,NEGATIVE,other topics,UNIMPORTANT,1339022165
2.11E+17,kebbakanyi,RL2013D01E001,RELATED,NEGATIVE,Opinion about BMW,MILDLY_IMPORTANT,1339022467
2.11E+17,TheRealBooNag,RL2013D01E001,RELATED,POSITIVE,Opinion about BMW,MILDLY_IMPORTANT,1339023720
2.11E+17,BellevueCars,RL2013D01E001,RELATED,POSITIVE,BMW vehicles for sale,MILDLY_IMPORTANT,1339024439
2.11E+17,OgaKenny,RL2013D01E001,RELATED,POSITIVE,Own a BMW,UNIMPORTANT,1339025967
2.11E+17,Squeakspwnz,RL2013D01E001,RELATED,POSITIVE,Pictures of BMW,MILDLY_IMPORTANT,1339027212
2.11E+17,Chesteroffer,RL2013D01E001,RELATED,POSITIVE,BMW repairs,UNIMPORTANT,1339027797
2.11E+17,compassluxor,RL2013D01E001,RELATED,POSITIVE,BMW vehicles for sale,MILDLY_IMPORTANT,1339029611
2.11E+17,jinnerarity,RL2013D01E001,RELATED,POSITIVE,other topics,UNIMPORTANT,1339030670
2.11E+17,alecafierro,RL2013D01E001,RELATED,POSITIVE,Drive a BMW,UNIMPORTANT,1339032471
2.11E+17,alexpowz,RL2013D01E001,UNRELATED,,,,1339035293
2.11E+17,FirstWorldPains,RL2013D01E001,RELATED,POSITIVE,Own a BMW,UNIMPORTANT,1339037402
2.11E+17,BoRn_site,RL2013D01E001,RELATED,NEUTRAL,other topics,UNIMPORTANT,1339039448
2.11E+17,_Nick21,RL2013D01E001,RELATED,POSITIVE,Comparison with competition,MILDLY_IMPORTANT,1339039456
2.11E+17,errr_ika,RL2013D01E001,RELATED,POSITIVE,Own a BMW,UNIMPORTANT,1339042671
2.11E+17,LABMWcom,RL2013D01E001,RELATED,POSITIVE,BMW vehicles for sale,MILDLY_IMPORTANT,1339044305
2.11E+17,QuickFitness,RL2013D01E001,RELATED,POSITIVE,Raffle to win a BMW,UNIMPORTANT,1339044374
2.11E+17,WizAlyssa,RL2013D01E001,RELATED,POSITIVE,Drive a BMW,UNIMPORTANT,1339047497
2.11E+17,AltFashionWeek,RL2013D01E001,RELATED,NEUTRAL,other topics,UNIMPORTANT,1339050946
2.11E+17,dariorts,RL2013D01E001,RELATED,POSITIVE,BMW world leader in reputation,MILDLY_IMPORTANT,1339056280
2.11E+17,bokkiedog,RL2013D01E001,RELATED,NEGATIVE,Drive a BMW,UNIMPORTANT,1339056938
2.11E+17,TechNews_Tweets,RL2013D01E001,RELATED,POSITIVE,BMW builds three millionth engine,MILDLY_IMPORTANT,1339058286
2.11E+17,MaariaRosee,RL2013D01E001,RELATED,POSITIVE,Own a BMW,UNIMPORTANT,1339058435
2.11E+17,technology_info,RL2013D01E001,RELATED,POSITIVE,BMW builds three millionth engine,MILDLY_IMPORTANT,1339060310
2.11E+17,MTECGroup,RL2013D01E001,RELATED,POSITIVE,Euro NCAP crash test,MILDLY_IMPORTANT,1339063654
2.11E+17,emmaCsuhr,RL2013D01E001,RELATED,NEGATIVE,Own a BMW,UNIMPORTANT,1339068435
2.11E+17,oliveranderson7,RL2013D01E001,RELATED,POSITIVE,Drive a BMW,UNIMPORTANT,1339072442
2.11E+17,carloskevedo,RL2013D01E001,RELATED,NEGATIVE,Opinion about BMW,MILDLY_IMPORTANT,1339073610
2.11E+17,AlcibiadesNG,RL2013D01E001,RELATED,POSITIVE,Drive a BMW,UNIMPORTANT,1339073975
2.11E+17,rtve,RL2013D01E001,RELATED,POSITIVE,BMW world leader in reputation,MILDLY_IMPORTANT,1339075671
2.11E+17,VirgenFike,RL2013D01E001,RELATED,POSITIVE,BMW parts and accesories for sale,MILDLY_IMPORTANT,1339075873
2.11E+17,Zulandia,RL2013D01E001,RELATED,POSITIVE,BMW world leader in reputation,MILDLY_IMPORTANT,1339075993
2.11E+17,Vacp24,RL2013D01E001,RELATED,NEGATIVE,Own a BMW,UNIMPORTANT,1339077773
2.11E+17,ToddLRowland,RL2013D01E001,RELATED,POSITIVE,Raffle to win a BMW,UNIMPORTANT,1339077996
2.11E+17,lungilebucibo,RL2013D01E001,RELATED,NEGATIVE,Opinion about BMW,MILDLY_IMPORTANT,1339079716
2.11E+17,KelseyLeigh89,RL2013D01E001,RELATED,NEGATIVE,BMW breaks down,MILDLY_IMPORTANT,1339080419
2.11E+17,Lavenio_pg15,RL2013D01E001,RELATED,POSITIVE,Opinion about BMW,MILDLY_IMPORTANT,1339081444
2.11E+17,evydexacuf,RL2013D01E001,RELATED,POSITIVE,BMW merchandising for sale,MILDLY_IMPORTANT,1339081445
2.11E+17,kikolo777,RL2013D01E001,RELATED,NEGATIVE,other topics,UNIMPORTANT,1339081812
2.11E+17,samilamofu,RL2013D01E001,RELATED,POSITIVE,Drive a BMW,UNIMPORTANT,1339082178
2.11E+17,Shrewsbury_BMW,RL2013D01E001,RELATED,POSITIVE,BMW official partner of the olympics,MILDLY_IMPORTANT,1339082314
2.11E+17,MarianKeyes,RL2013D01E001,RELATED,NEGATIVE,Opinion about BMW,MILDLY_IMPORTANT,1339082937
2.11E+17,pedropabloff,RL2013D01E001,RELATED,POSITIVE,BMW sponsors events,UNIMPORTANT,1339084075
2.11E+17,BristolDealsUK,RL2013D01E001,RELATED,POSITIVE,BMW repairs,UNIMPORTANT,1339084094
2.11E+17,sportclinichepi,RL2013D01E001,RELATED,POSITIVE,BMW vehicles for sale,MILDLY_IMPORTANT,1339084251
2.11E+17,bmw_free,RL2013D01E001,RELATED,POSITIVE,BMW vehicles for sale,MILDLY_IMPORTANT,1339084380
2.11E+17,GaultStacy,RL2013D01E001,RELATED,POSITIVE,Raffle to win a BMW,UNIMPORTANT,1339084655
2.11E+17,NickRenna,RL2013D01E001,RELATED,POSITIVE,Car dealer,UNIMPORTANT,1339085048
2.11E+17,viamultimedia,RL2013D01E001,RELATED,POSITIVE,BMW world leader in reputation,MILDLY_IMPORTANT,1339085705
2.11E+17,Owen_clear,RL2013D01E001,RELATED,POSITIVE,Drive a BMW,UNIMPORTANT,1339085720
2.11E+17,GestionORG,RL2013D01E001,RELATED,POSITIVE,BMW world leader in reputation,MILDLY_IMPORTANT,1339085875
2.11E+17,CaroValenG,RL2013D01E001,RELATED,POSITIVE,BMW world leader in reputation,MILDLY_IMPORTANT,1339086200
2.11E+17,bmw_free,RL2013D01E001,RELATED,POSITIVE,BMW vehicles for sale,MILDLY_IMPORTANT,1339089112
2.11E+17,luxuryexotics,RL2013D01E001,RELATED,POSITIVE,BMW vehicles for sale,MILDLY_IMPORTANT,1339089557
2.11E+17,Trippy_Trueee,RL2013D01E001,RELATED,POSITIVE,Drive a BMW,UNIMPORTANT,1339090283
2.11E+17,HellYeahHumor,RL2013D01E001,RELATED,POSITIVE,Own a BMW,UNIMPORTANT,1339091408
2.11E+17,meggerz,RL2013D01E001,RELATED,POSITIVE,Pictures of BMW,MILDLY_IMPORTANT,1339093806
2.11E+17,bmw_free,RL2013D01E001,RELATED,POSITIVE,BMW vehicles for sale,MILDLY_IMPORTANT,1339093892
2.11E+17,LABMWcom,RL2013D01E001,RELATED,POSITIVE,BMW world leader in reputation,MILDLY_IMPORTANT,1339093893
2.11E+17,J_Zaza,RL2013D01E001,RELATED,POSITIVE,Videos of BMW,MILDLY_IMPORTANT,1339094492
2.11E+17,daijah_bhoo,RL2013D01E001,UNRELATED,,,,1339096031
2.11E+17,BMWARGENTINASA,RL2013D01E001,RELATED,POSITIVE,Review of car models,MILDLY_IMPORTANT,1339096570
2.11E+17,alovcfhey,RL2013D01E001,RELATED,NEUTRAL,other topics,UNIMPORTANT,1339096642
2.11E+17,HotinNYCity,RL2013D01E001,RELATED,POSITIVE,BMW vehicles for sale,MILDLY_IMPORTANT,1339097417
2.11E+17,Steph_Alqaeda,RL2013D01E001,RELATED,POSITIVE,Own a BMW,UNIMPORTANT,1339098901
2.11E+17,BILLIONAIRE22,RL2013D01E001,RELATED,POSITIVE,Opinion about BMW,MILDLY_IMPORTANT,1339099056
2.11E+17,Advanceautopar1,RL2013D01E001,RELATED,POSITIVE,BMW parts and accesories for sale,MILDLY_IMPORTANT,1339099089
2.11E+17,CheriFlavour,RL2013D01E001,RELATED,NEGATIVE,Opinion about BMW,MILDLY_IMPORTANT,1339100779
2.11E+17,DeeperDetail,RL2013D01E001,RELATED,POSITIVE,other topics,UNIMPORTANT,1339101478
2.11E+17,motacars,RL2013D01E001,RELATED,POSITIVE,BMW vehicles for sale,MILDLY_IMPORTANT,1339102089
2.11E+17,FIM_live,RL2013D01E001,RELATED,POSITIVE,Sport,MILDLY_IMPORTANT,1339102217
2.11E+17,PaulMillerKY,RL2013D01E001,RELATED,POSITIVE,BMW vehicles for sale,MILDLY_IMPORTANT,1339103366
2.11E+17,BMW_LifeMorals,RL2013D01E001,UNRELATED,,,,1339103534
2.11E+17,BMWfanbase,RL2013D01E001,RELATED,POSITIVE,BMW repairs,UNIMPORTANT,1339104233
2.11E+17,temas_varioss,RL2013D01E001,RELATED,POSITIVE,BMW vehicles for sale,MILDLY_IMPORTANT,1339105250
2.11E+17,LeapYrBabee,RL2013D01E001,RELATED,POSITIVE,Own a BMW,UNIMPORTANT,1339106193
2.11E+17,autosmasestilo,RL2013D01E001,RELATED,POSITIVE,BMW looks to patent seven-speed manual gearbox,MILDLY_IMPORTANT,1339106315
2.11E+17,PhilDavies20,RL2013D01E001,RELATED,NEUTRAL,other topics,UNIMPORTANT,1339106911
2.11E+17,maccxxster,RL2013D01E001,RELATED,POSITIVE,other topics,UNIMPORTANT,1339107683
2.11E+17,Hunitgrand22,RL2013D01E001,RELATED,POSITIVE,Opinion about BMW,MILDLY_IMPORTANT,1339108184
2.11E+17,BMW_LifeMorals,RL2013D01E001,UNRELATED,,,,1339108217
2.11E+17,PRWeekUS,RL2013D01E001,RELATED,POSITIVE,BMW world leader in reputation,MILDLY_IMPORTANT,1339108381
2.11E+17,DreadingMondays,RL2013D01E001,RELATED,NEGATIVE,BMW tuning,UNIMPORTANT,1339108921
2.11E+17,bmwash374,RL2013D01E001,RELATED,POSITIVE,Opinion about BMW,MILDLY_IMPORTANT,1339109384
2.11E+17,RickRude08,RL2013D01E001,RELATED,POSITIVE,Opinion about BMW,MILDLY_IMPORTANT,1339110483
2.11E+17,exsport,RL2013D01E001,RELATED,POSITIVE,BMW merchandising for sale,MILDLY_IMPORTANT,1339110493
2.11E+17,_PrettySpoiled_,RL2013D01E001,RELATED,POSITIVE,Own a BMW,UNIMPORTANT,1339111039
2.11E+17,NBCNewYork,RL2013D01E001,RELATED,NEGATIVE,Three people found dead inside a BMW,UNIMPORTANT,1339114114
2.11E+17,Fran_andujar,RL2013D01E001,RELATED,POSITIVE,Favourite car brand,MILDLY_IMPORTANT,1339116220
2.11E+17,RicardoMtnz,RL2013D01E001,RELATED,POSITIVE,Favourite car brand,MILDLY_IMPORTANT,1339116242
2.11E+17,YiraD3,RL2013D01E001,RELATED,POSITIVE,Favourite car brand,MILDLY_IMPORTANT,1339116267
2.11E+17,Powerranger75,RL2013D01E001,RELATED,POSITIVE,Own a BMW,UNIMPORTANT,1339116872
2.11E+17,eperdomo1,RL2013D01E001,RELATED,NEUTRAL,Favourite car brand,MILDLY_IMPORTANT,1339117122
2.11E+17,NicolitaMejia,RL2013D01E001,RELATED,POSITIVE,Favourite car brand,MILDLY_IMPORTANT,1339117242
2.11E+17,hadopiland,RL2013D01E001,RELATED,POSITIVE,Review of car models,MILDLY_IMPORTANT,1339117491
2.11E+17,nydailynews,RL2013D01E001,RELATED,NEGATIVE,Three people found dead inside a BMW,UNIMPORTANT,1339118734
2.11E+17,YourMainArab,RL2013D01E001,RELATED,POSITIVE,Drive a BMW,UNIMPORTANT,1339119080
2.11E+17,Vendominave,RL2013D01E001,RELATED,POSITIVE,BMW vehicles for sale,MILDLY_IMPORTANT,1339119598
2.11E+17,RonCantiveros,RL2013D01E001,RELATED,POSITIVE,BMW Driver Training Registration,MILDLY_IMPORTANT,1339120977
2.11E+17,TreciePooh,RL2013D01E001,UNRELATED,,,,1339122579
2.11E+17,nycjim,RL2013D01E001,RELATED,NEGATIVE,Three people found dead inside a BMW,UNIMPORTANT,1339122646
2.11E+17,valerie_waith,RL2013D01E001,RELATED,NEGATIVE,Three people found dead inside a BMW,UNIMPORTANT,1339126076
2.11E+17,channahwilliams,RL2013D01E001,RELATED,POSITIVE,Woking at BMW,MILDLY_IMPORTANT,1339127202
2.11E+17,TatanMejia,RL2013D01E001,RELATED,NEUTRAL,News involving a BMW but not directly involved with the brand,UNIMPORTANT,1339129038
2.11E+17,patturn,RL2013D01E001,RELATED,POSITIVE,New products,MILDLY_IMPORTANT,1339134123
2.11E+17,TwitCarSearch,RL2013D01E001,RELATED,POSITIVE,BMW vehicles for sale,MILDLY_IMPORTANT,1339134981
2.11E+17,Travelsnake,RL2013D01E001,RELATED,POSITIVE,Own a BMW,UNIMPORTANT,1339139299
2.11E+17,dasautobahn,RL2013D01E001,RELATED,POSITIVE,BMW vehicles for sale,MILDLY_IMPORTANT,1339140679
2.11E+17,Jejubir,RL2013D01E001,RELATED,POSITIVE,Drive a BMW,UNIMPORTANT,1339142424
2.11E+17,onua_zionfelix,RL2013D01E001,RELATED,NEGATIVE,Man sues BMW alleging motorcycle gave him a long-lasting erection,MILDLY_IMPORTANT,1339142731
2.11E+17,PetersWeb,RL2013D01E001,RELATED,NEUTRAL,Comparison with competition,MILDLY_IMPORTANT,1339143606
2.11E+17,alphamalecal,RL2013D01E001,RELATED,NEGATIVE,Drive a BMW,UNIMPORTANT,1339145217
2.11E+17,tim_maliyil,RL2013D01E001,RELATED,POSITIVE,BMW tuning,UNIMPORTANT,1339145225
2.11E+17,quattrotempi,RL2013D01E001,RELATED,POSITIVE,BMW merchandising for sale,MILDLY_IMPORTANT,1339149485
2.11E+17,johnco06973,RL2013D01E001,RELATED,NEUTRAL,other topics,UNIMPORTANT,1339151081
2.11E+17,Smart_BMW,RL2013D01E001,UNRELATED,,,,1339152812
2.11E+17,Ten2Eight,RL2013D01E001,RELATED,NEGATIVE,New products,MILDLY_IMPORTANT,1339153120
2.11E+17,NickolajA,RL2013D01E001,RELATED,POSITIVE,Car dealer,UNIMPORTANT,1339153486
2.11E+17,uscarsforsale,RL2013D01E001,RELATED,POSITIVE,BMW vehicles for sale,MILDLY_IMPORTANT,1339153955
2.11E+17,legomyaudi,RL2013D01E001,RELATED,NEGATIVE,Comparison with competition,MILDLY_IMPORTANT,1339154138
2.11E+17,criddle24,RL2013D01E001,UNRELATED,,,,1339155196
2.11E+17,NoocR,RL2013D01E001,RELATED,POSITIVE,Opinion about BMW,MILDLY_IMPORTANT,1339156290
2.11E+17,FlukejSwavey,RL2013D01E001,RELATED,NEUTRAL,other topics,UNIMPORTANT,1339158025
2.11E+17,sdisha278,RL2013D01E001,RELATED,POSITIVE,Review of car models,MILDLY_IMPORTANT,1339158073
2.11E+17,2LUXURY2,RL2013D01E001,RELATED,POSITIVE,BMW K 1600 GTL Motorcycle of the year,MILDLY_IMPORTANT,1339158617
2.11E+17,gww50,RL2013D01E001,RELATED,NEUTRAL,other topics,UNIMPORTANT,1339159489
2.11E+17,Narsha_Ika,RL2013D01E001,RELATED,NEUTRAL,4G Venture Forum for Connected Cars,MILDLY_IMPORTANT,1339161000
2.11E+17,erbe_sma,RL2013D01E001,RELATED,NEGATIVE,Own a BMW,UNIMPORTANT,1339161158
2.11E+17,control_stop,RL2013D01E001,RELATED,POSITIVE,Pictures of BMW,MILDLY_IMPORTANT,1339161384
2.11E+17,losefat90Days,RL2013D01E001,RELATED,NEUTRAL,other topics,UNIMPORTANT,1339162159
2.11E+17,minues,RL2013D01E001,RELATED,POSITIVE,Pictures of BMW,MILDLY_IMPORTANT,1339162861
2.11E+17,HipHopWired,RL2013D01E001,RELATED,POSITIVE,other topics,UNIMPORTANT,1339163352
2.11E+17,SRHphotographic,RL2013D01E001,RELATED,NEUTRAL,other topics,UNIMPORTANT,1339163699
2.11E+17,Sam2Smoove,RL2013D01E001,RELATED,NEGATIVE,Drive a BMW,UNIMPORTANT,1339163834
2.11E+17,Damn_Im_Ridge,RL2013D01E001,RELATED,POSITIVE,Pictures of BMW,MILDLY_IMPORTANT,1339164597
2.11E+17,lolaadiaz,RL2013D01E001,RELATED,NEUTRAL,other topics,UNIMPORTANT,1339165077
2.11E+17,andyalmond66,RL2013D01E001,RELATED,NEGATIVE,Drive a BMW,UNIMPORTANT,1339165193
2.11E+17,SoWhatTechNique,RL2013D01E001,RELATED,POSITIVE,Opinion about BMW,MILDLY_IMPORTANT,1339165365
2.11E+17,gerrygomeze,RL2013D01E001,RELATED,POSITIVE,BMW sponsors events,UNIMPORTANT,1339167017
2.11E+17,felicityjesshop,RL2013D01E001,RELATED,POSITIVE,Own a BMW,UNIMPORTANT,1339169016
2.11E+17,theappleevent,RL2013D01E001,RELATED,POSITIVE,4G Venture Forum for Connected Cars,MILDLY_IMPORTANT,1339169710
2.11E+17,Younghazy1,RL2013D01E001,RELATED,NEGATIVE,other topics,UNIMPORTANT,1339170338
2.11E+17,checkthegate11,RL2013D01E001,RELATED,NEGATIVE,Own a BMW,UNIMPORTANT,1339173754
2.11E+17,bmw_free,RL2013D01E001,RELATED,POSITIVE,BMW vehicles for sale,MILDLY_IMPORTANT,1339174361
2.11E+17,Coldtwito,RL2013D01E001,RELATED,POSITIVE,BMW world leader in reputation,MILDLY_IMPORTANT,1339174692
2.11E+17,BMW_LifeMorals,RL2013D01E001,UNRELATED,,,,1339174843
2.11E+17,UKCars,RL2013D01E001,RELATED,POSITIVE,BMW vehicles for sale,MILDLY_IMPORTANT,1339175849
2.11E+17,AbusaibaVoiceEn,RL2013D01E001,RELATED,NEGATIVE,Own a BMW,UNIMPORTANT,1339175923
2.11E+17,WashingtonAutoG,RL2013D01E001,RELATED,POSITIVE,BMW vehicles for sale,MILDLY_IMPORTANT,1339177392
2.11E+17,VirginiaPooser,RL2013D01E001,RELATED,POSITIVE,BMW merchandising for sale,MILDLY_IMPORTANT,1339178175
2.11E+17,cosbyykidd,RL2013D01E001,RELATED,POSITIVE,Own a BMW,UNIMPORTANT,1339181299
2.11E+17,Vance331,RL2013D01E001,RELATED,NEUTRAL,other topics,UNIMPORTANT,1339181606
2.11E+17,carloseslim,RL2013D01E001,RELATED,NEGATIVE,Own a BMW,UNIMPORTANT,1339181821
2.11E+17,oscarb4711,RL2013D01E001,RELATED,NEGATIVE,Own a BMW,UNIMPORTANT,1339181821
2.11E+17,Kirill_Young,RL2013D01E001,RELATED,POSITIVE,Pictures of BMW,MILDLY_IMPORTANT,1339183770
2.11E+17,ZuriTafariZola,RL2013D01E001,RELATED,POSITIVE,Own a BMW,UNIMPORTANT,1339184083
2.11E+17,sell_your_car,RL2013D01E001,RELATED,POSITIVE,BMW vehicles for sale,MILDLY_IMPORTANT,1339184506
2.11E+17,bakerbitch12,RL2013D01E001,RELATED,POSITIVE,BMW vehicles for sale,MILDLY_IMPORTANT,1339184965
2.11E+17,Miguealmendros,RL2013D01E001,RELATED,POSITIVE,other topics,UNIMPORTANT,1339185242
2.11E+17,ahmadmdaihli,RL2013D01E001,RELATED,POSITIVE,Comparison with competition,MILDLY_IMPORTANT,1339185339
2.11E+17,bmw_free,RL2013D01E001,RELATED,POSITIVE,BMW vehicles for sale,MILDLY_IMPORTANT,1339185953
2.11E+17,mmonkscarsales,RL2013D01E001,RELATED,POSITIVE,BMW vehicles for sale,MILDLY_IMPORTANT,1339186124
2.11E+17,channahwilliams,RL2013D01E001,RELATED,POSITIVE,Pictures of BMW,MILDLY_IMPORTANT,1339186613
2.11E+17,ciao_bella_00,RL2013D01E001,RELATED,NEGATIVE,other topics,UNIMPORTANT,1339187028
2.11E+17,carspydispatch,RL2013D01E001,RELATED,POSITIVE,Pictures of BMW,MILDLY_IMPORTANT,1339187750
2.11E+17,Publisenal,RL2013D01E001,RELATED,POSITIVE,BMW looks to patent seven-speed manual gearbox,MILDLY_IMPORTANT,1339188070
2.11E+17,tukquestions,RL2013D01E001,RELATED,NEUTRAL,BMW repairs,UNIMPORTANT,1339189335
2.11E+17,asesinodelhumor,RL2013D01E001,RELATED,POSITIVE,other topics,UNIMPORTANT,1339189377
2.11E+17,BMW_LifeMorals,RL2013D01E001,UNRELATED,,,,1339191028
2.11E+17,bmw_free,RL2013D01E001,RELATED,POSITIVE,BMW vehicles for sale,MILDLY_IMPORTANT,1339192485
2.11E+17,Pedal2Metal,RL2013D01E001,RELATED,POSITIVE,BMW looks to patent seven-speed manual gearbox,MILDLY_IMPORTANT,1339194037
2.11E+17,nvsnews_car,RL2013D01E001,RELATED,POSITIVE,BMW tuning,UNIMPORTANT,1339194637
2.11E+17,FIM_live,RL2013D01E001,RELATED,POSITIVE,Sport,MILDLY_IMPORTANT,1339195115
2.11E+17,AlpineLAMotors,RL2013D01E001,RELATED,POSITIVE,BMW parts and accesories for sale,MILDLY_IMPORTANT,1339195291
2.11E+17,ovoxogen,RL2013D01E001,RELATED,NEUTRAL,other topics,UNIMPORTANT,1339195349
2.11E+17,CompetitionBMW,RL2013D01E001,RELATED,POSITIVE,BMW vehicles for sale,MILDLY_IMPORTANT,1339195518
2.11E+17,rvzraniq,RL2013D01E001,RELATED,POSITIVE,BMW merchandising for sale,MILDLY_IMPORTANT,1339195602
2.11E+17,sunshine2850,RL2013D01E001,RELATED,POSITIVE,Car dealer,UNIMPORTANT,1339198078
2.11E+17,SuperSportBike,RL2013D01E001,RELATED,POSITIVE,Event: Cars and Coffee,UNIMPORTANT,1339198122
2.11E+17,BMW_LifeMorals,RL2013D01E001,UNRELATED,,,,1339198219
2.11E+17,Smart_BMW,RL2013D01E001,UNRELATED,,,,1339202359
2.11E+17,Understanding1,RL2013D01E001,UNRELATED,,,,1339202715
2.11E+17,mp2u,RL2013D01E001,RELATED,POSITIVE,BMW parts and accesories for sale,MILDLY_IMPORTANT,1339204603
2.11E+17,sell_your_car,RL2013D01E001,RELATED,POSITIVE,BMW vehicles for sale,MILDLY_IMPORTANT,1339207085
2.11E+17,food_qna,RL2013D01E001,RELATED,POSITIVE,BMW repairs,UNIMPORTANT,1339207735
2.11E+17,dereckinindiana,RL2013D01E001,RELATED,NEGATIVE,BMW tuning,UNIMPORTANT,1339208436
2.11E+17,SprtsBeTr,RL2013D01E001,RELATED,POSITIVE,Pictures of BMW,MILDLY_IMPORTANT,1339209044
2.11E+17,SulitFeeds,RL2013D01E001,RELATED,POSITIVE,BMW vehicles for sale,MILDLY_IMPORTANT,1339211383
2.11E+17,sheebapkv,RL2013D01E001,RELATED,POSITIVE,2012 BMW 3 Series earns five-star NHTSA safety rating,MILDLY_IMPORTANT,1339213363
2.11E+17,avveMARIA,RL2013D01E001,RELATED,POSITIVE,Own a BMW,UNIMPORTANT,1339216621
2.11E+17,bwmhelp,RL2013D01E001,RELATED,NEUTRAL,other topics,UNIMPORTANT,1339222819
2.11E+17,BMW_SA,RL2013D01E001,UNRELATED,,,,1339225213
2.11E+17,mattyweeks,RL2013D01E001,RELATED,POSITIVE,Car dealer,UNIMPORTANT,1339227190
2.11E+17,xara_users,RL2013D01E001,RELATED,POSITIVE,Pictures of BMW,MILDLY_IMPORTANT,1339232062
2.11E+17,miss_mbalee,RL2013D01E001,UNRELATED,,,,1339234678
2.11E+17,gibbsy02,RL2013D01E001,RELATED,NEUTRAL,other topics,UNIMPORTANT,1339235699
2.11E+17,amancool5,RL2013D01E001,RELATED,POSITIVE,BMW sales,MILDLY_IMPORTANT,1339242261
2.11E+17,MonySor,RL2013D01E001,RELATED,POSITIVE,other topics,UNIMPORTANT,1339245344
2.11E+17,zeedasaff,RL2013D01E001,RELATED,POSITIVE,Videos of BMW,MILDLY_IMPORTANT,1339245767
2.11E+17,MelissaMcvay91,RL2013D01E001,RELATED,NEGATIVE,Drive a BMW,UNIMPORTANT,1339246364
2.11E+17,Por_media_calle,RL2013D01E001,RELATED,POSITIVE,Own a BMW,UNIMPORTANT,1339247970
2.11E+17,MRB_UrbanFusion,RL2013D01E001,RELATED,POSITIVE,Drive a BMW,UNIMPORTANT,1339248978
2.11E+17,NFSWorldTurkiye,RL2013D01E001,RELATED,POSITIVE,Videos of BMW,MILDLY_IMPORTANT,1339253315
2.11E+17,Nave_HasSwag,RL2013D01E001,RELATED,POSITIVE,other topics,UNIMPORTANT,1339254109
2.11E+17,vigilantepty,RL2013D01E001,RELATED,POSITIVE,Pictures of BMW,MILDLY_IMPORTANT,1339254265
2.11E+17,hacizafe,RL2013D01E001,RELATED,POSITIVE,BMW merchandising for sale,MILDLY_IMPORTANT,1339255736
2.11E+17,BoomCHICKA_JAZZ,RL2013D01E001,RELATED,NEUTRAL,other topics,UNIMPORTANT,1339258807
2.11E+17,AbbyGuguBanda,RL2013D01E001,RELATED,NEGATIVE,Opinion about BMW,MILDLY_IMPORTANT,1339259399
2.11E+17,NipseyHussle,RL2013D01E001,RELATED,POSITIVE,Opinion about BMW,MILDLY_IMPORTANT,1339260154
2.11E+17,BMW_LifeMorals,RL2013D01E001,UNRELATED,,,,1339260311
2.12E+17,BrownBear253,RL2013D01E001,RELATED,POSITIVE,Opinion about BMW,MILDLY_IMPORTANT,1339261788
2.12E+17,WillVanHefty,RL2013D01E001,RELATED,NEUTRAL,other topics,UNIMPORTANT,1339262466
2.12E+17,cutemeenu,RL2013D01E001,RELATED,POSITIVE,New products: BMW 7 Series,MILDLY_IMPORTANT,1339262794
2.12E+17,AlineGeffroy,RL2013D01E001,RELATED,POSITIVE,Own a BMW,UNIMPORTANT,1339263179
2.12E+17,bmw_free,RL2013D01E001,RELATED,POSITIVE,BMW vehicles for sale,MILDLY_IMPORTANT,1339264266
2.12E+17,jayhoe,RL2013D01E001,RELATED,POSITIVE,Pictures of BMW,MILDLY_IMPORTANT,1339265018
2.12E+17,OrdinaryLiLi,RL2013D01E001,RELATED,NEGATIVE,Own a BMW,UNIMPORTANT,1339265093
2.12E+17,EdLongden,RL2013D01E001,RELATED,NEUTRAL,other topics,UNIMPORTANT,1339265446
2.12E+17,car_scout,RL2013D01E001,RELATED,POSITIVE,BMW vehicles for sale,MILDLY_IMPORTANT,1339265570
2.12E+17,ianwheeler,RL2013D01E001,RELATED,POSITIVE,Sport,MILDLY_IMPORTANT,1339266072
2.12E+17,ashleeyowens,RL2013D01E001,RELATED,POSITIVE,Car dealer,UNIMPORTANT,1339267693
2.12E+17,Tomas1966,RL2013D01E001,RELATED,POSITIVE,other topics,UNIMPORTANT,1339269645
2.12E+17,Rawad_Merhi,RL2013D01E001,UNRELATED,,,,1339273337
2.12E+17,swyyft,RL2013D01E001,RELATED,NEGATIVE,other topics,UNIMPORTANT,1339276860
2.12E+17,AlbertoCaldera7,RL2013D01E001,RELATED,POSITIVE,Own a BMW,UNIMPORTANT,1339278934
2.12E+17,RickWebb,RL2013D01E001,RELATED,NEGATIVE,Opinion about BMW,MILDLY_IMPORTANT,1339280613
2.12E+17,alhmnci,RL2013D01E001,RELATED,POSITIVE,New products,MILDLY_IMPORTANT,1339280717
2.12E+17,TorresGotay,RL2013D01E001,RELATED,NEGATIVE,other topics,UNIMPORTANT,1339281465
2.12E+17,FIM_live,RL2013D01E001,RELATED,POSITIVE,Sport,MILDLY_IMPORTANT,1339284421
2.12E+17,SwiftyBear13,RL2013D01E001,RELATED,POSITIVE,Own a BMW,UNIMPORTANT,1339284858
2.12E+17,AliciaMalizia,RL2013D01E001,RELATED,NEGATIVE,Own a BMW,UNIMPORTANT,1339287918
2.12E+17,DPete4,RL2013D01E001,RELATED,POSITIVE,New products,MILDLY_IMPORTANT,1339288478
2.12E+17,rhyshipperson,RL2013D01E001,RELATED,POSITIVE,Pictures of BMW,MILDLY_IMPORTANT,1339288724
2.12E+17,JustAWhiteGirll,RL2013D01E001,RELATED,POSITIVE,Opinion about BMW,MILDLY_IMPORTANT,1339290689
2.12E+17,BMWMcars,RL2013D01E001,RELATED,POSITIVE,Videos of BMW,MILDLY_IMPORTANT,1339291383
2.12E+17,KrispyBoiSloan,RL2013D01E001,RELATED,NEUTRAL,other topics,UNIMPORTANT,1339293097
2.12E+17,oqyhakuj,RL2013D01E001,RELATED,POSITIVE,BMW parts and accesories for sale,MILDLY_IMPORTANT,1339293213
2.12E+17,nadimfoo07,RL2013D01E001,RELATED,POSITIVE,BMW parts and accesories for sale,MILDLY_IMPORTANT,1339293215
2.12E+17,QuailMary,RL2013D01E001,RELATED,NEUTRAL,other topics,UNIMPORTANT,1339295207
2.12E+17,Minniewbq,RL2013D01E001,RELATED,POSITIVE,BMW parts and accesories for sale,MILDLY_IMPORTANT,1339296616
2.12E+17,autoremanual,RL2013D01E001,RELATED,POSITIVE,BMW repairs,UNIMPORTANT,1339297344
2.12E+17,cmschuetz15,RL2013D01E001,UNRELATED,,,,1339299147
2.12E+17,Pryncx,RL2013D01E001,RELATED,POSITIVE,Own a BMW,UNIMPORTANT,1339300841
2.12E+17,av_accounting,RL2013D01E001,RELATED,POSITIVE,BMW builds three millionth engine,MILDLY_IMPORTANT,1339302039
2.12E+17,MikeMikecoleman,RL2013D01E001,RELATED,POSITIVE,Own a BMW,UNIMPORTANT,1339303744
2.12E+17,JillAlport,RL2013D01E001,UNRELATED,,,,1339305221
2.12E+17,BabyKeingsMomma,RL2013D01E001,RELATED,POSITIVE,other topics,UNIMPORTANT,1339308527
2.12E+17,MissAmazing2U,RL2013D01E001,UNRELATED,,,,1339311635
2.12E+17,zerqmollz,RL2013D01E001,RELATED,POSITIVE,other topics,UNIMPORTANT,1339312543
2.12E+17,SuperGTmy,RL2013D01E001,RELATED,POSITIVE,Pictures of BMW,MILDLY_IMPORTANT,1339317125
2.12E+17,AussieExotics,RL2013D01E001,RELATED,POSITIVE,BMW vehicles for sale,MILDLY_IMPORTANT,1339331832
2.12E+17,scarleth23,RL2013D01E001,RELATED,POSITIVE,New products,MILDLY_IMPORTANT,1339333303
2.12E+17,jef722,RL2013D01E001,RELATED,NEUTRAL,Sport,MILDLY_IMPORTANT,1339333635
2.12E+17,SuperStreetMag,RL2013D01E001,RELATED,POSITIVE,Pictures of BMW,MILDLY_IMPORTANT,1339333862
2.12E+17,fernandez_aitor,RL2013D01E001,UNRELATED,,,,1339334031
2.12E+17,SiHart,RL2013D01E001,RELATED,NEGATIVE,News involving a BMW but not directly involved with the brand,UNIMPORTANT,1339335939
2.12E+17,JustLoveSandip_,RL2013D01E001,RELATED,POSITIVE,Own a BMW,UNIMPORTANT,1339339881
2.12E+17,_DreadHeadLovah,RL2013D01E001,RELATED,NEGATIVE,Opinion about BMW,MILDLY_IMPORTANT,1339340964
2.12E+17,AbbiieMacklin,RL2013D01E001,RELATED,POSITIVE,Opinion about BMW,MILDLY_IMPORTANT,1339342213
2.12E+17,Tayfye,RL2013D01E001,RELATED,NEGATIVE,Own a BMW,UNIMPORTANT,1339343414
2.12E+17,paigeroudebush,RL2013D01E001,RELATED,NEGATIVE,Drive a BMW,UNIMPORTANT,1339344839
2.12E+17,CCFS,RL2013D01E001,RELATED,POSITIVE,BMW vehicles for sale,MILDLY_IMPORTANT,1339345332
2.12E+17,Vicky_Mina,RL2013D01E001,RELATED,POSITIVE,Drive a BMW,UNIMPORTANT,1339350621
2.12E+17,BMW_LifeMorals,RL2013D01E001,UNRELATED,,,,1339351508
2.12E+17,Theferdinandmm,RL2013D01E001,RELATED,POSITIVE,Opinion about BMW,MILDLY_IMPORTANT,1339352132
2.12E+17,TorturedSpirit,RL2013D01E001,RELATED,NEGATIVE,other topics,UNIMPORTANT,1339353880
2.12E+17,MeLectable,RL2013D01E001,RELATED,POSITIVE,Pictures of BMW,MILDLY_IMPORTANT,1339354966
2.12E+17,HythePolice,RL2013D01E001,RELATED,NEGATIVE,News involving a BMW but not directly involved with the brand,UNIMPORTANT,1339356338
2.12E+17,AHajjeyah,RL2013D01E001,RELATED,POSITIVE,Pictures of BMW,MILDLY_IMPORTANT,1339356692
2.12E+17,ThatFlyBooi,RL2013D01E001,RELATED,POSITIVE,Own a BMW,UNIMPORTANT,1339357960
2.12E+17,trifon433,RL2013D01E001,RELATED,POSITIVE,Own a BMW,UNIMPORTANT,1339358095
2.12E+17,cauldyplace,RL2013D01E001,RELATED,POSITIVE,Own a BMW,UNIMPORTANT,1339358359
2.12E+17,d_Nish_b,RL2013D01E001,RELATED,NEGATIVE,Comparison with competition,MILDLY_IMPORTANT,1339360110
2.12E+17,MzGii,RL2013D01E001,RELATED,NEGATIVE,Own a BMW,UNIMPORTANT,1339361678
2.12E+17,J_Ashcroft_,RL2013D01E001,RELATED,POSITIVE,Own a BMW,UNIMPORTANT,1339362804
2.12E+17,Smart_BMW,RL2013D01E001,UNRELATED,,,,1339367327
2.12E+17,NamedNobody,RL2013D01E001,RELATED,POSITIVE,Drive a BMW,UNIMPORTANT,1339367638
2.12E+17,TailoredDream,RL2013D01E001,RELATED,POSITIVE,Opinion about BMW,MILDLY_IMPORTANT,1339368719
2.12E+17,Conni_love15,RL2013D01E001,UNRELATED,,,,1339369594
2.12E+17,shamonda_,RL2013D01E001,RELATED,POSITIVE,Own a BMW,UNIMPORTANT,1339370468
2.12E+17,cigotofui,RL2013D01E001,RELATED,NEUTRAL,other topics,UNIMPORTANT,1339372838
2.12E+17,Galileo_NL,RL2013D01E001,RELATED,NEUTRAL,Own a BMW,UNIMPORTANT,1339374044
2.12E+17,DiegoRMarsal,RL2013D01E001,RELATED,NEUTRAL,other topics,UNIMPORTANT,1339374183
2.12E+17,sell_your_car,RL2013D01E001,RELATED,POSITIVE,BMW vehicles for sale,MILDLY_IMPORTANT,1339379061
2.12E+17,iFortunate,RL2013D01E001,RELATED,POSITIVE,Own a BMW,UNIMPORTANT,1339381797
2.12E+17,_GSB_,RL2013D01E001,RELATED,POSITIVE,Pictures of BMW,MILDLY_IMPORTANT,1339382646
2.12E+17,bmw_free,RL2013D01E001,RELATED,POSITIVE,BMW vehicles for sale,MILDLY_IMPORTANT,1339386660
2.12E+17,GOTKIX92,RL2013D01E001,RELATED,POSITIVE,Pictures of BMW,MILDLY_IMPORTANT,1339387440
2.12E+17,Pervaizistan,RL2013D01E001,RELATED,NEGATIVE,News involving a BMW but not directly involved with the brand,UNIMPORTANT,1339387777
2.12E+17,MasQueUnRey,RL2013D01E001,RELATED,POSITIVE,Own a BMW,UNIMPORTANT,1339391341
2.12E+17,ghalebbadran,RL2013D01E001,RELATED,POSITIVE,Car dealer,UNIMPORTANT,1339391485
2.12E+17,PMacKJack,RL2013D01E001,RELATED,POSITIVE,Opinion about BMW,MILDLY_IMPORTANT,1339391598
2.12E+17,sell_your_car,RL2013D01E001,RELATED,POSITIVE,BMW vehicles for sale,MILDLY_IMPORTANT,1339393119
2.12E+17,BMW_SA,RL2013D01E001,RELATED,POSITIVE,New products,MILDLY_IMPORTANT,1339405434
2.12E+17,__Sobe__,RL2013D01E001,RELATED,NEGATIVE,Own a BMW,UNIMPORTANT,1339407501
2.12E+17,2mykash,RL2013D01E001,RELATED,POSITIVE,BMW sales,MILDLY_IMPORTANT,1339407849
2.12E+17,MyMotiv,RL2013D01E001,UNRELATED,,,,1339407919
2.12E+17,worldsamazingin,RL2013D01E001,RELATED,POSITIVE,BMW sales,MILDLY_IMPORTANT,1339408463
2.12E+17,reksadana,RL2013D01E001,RELATED,POSITIVE,BMW sales,MILDLY_IMPORTANT,1339408818
2.12E+17,wwwLISTFOXnet,RL2013D01E001,RELATED,POSITIVE,BMW vehicles for sale,MILDLY_IMPORTANT,1339408855
2.12E+17,PhilthyRichie_,RL2013D01E001,UNRELATED,,,,1339410755
2.12E+17,RamosSophia11,RL2013D01E001,RELATED,POSITIVE,Review of car models,MILDLY_IMPORTANT,1339411986
2.12E+17,andrew_reiller,RL2013D01E001,RELATED,POSITIVE,BMW sales,MILDLY_IMPORTANT,1339413828
2.12E+17,NJM_GOLF,RL2013D01E001,RELATED,POSITIVE,BMW sponsors events,UNIMPORTANT,1339413934
2.12E+17,kelvinwyn57,RL2013D01E001,RELATED,POSITIVE,BMW parts and accesories for sale,MILDLY_IMPORTANT,1339415804
2.12E+17,Ben_Jones88,RL2013D01E001,RELATED,NEUTRAL,other topics,UNIMPORTANT,1339416896
2.12E+17,mercedessr1,RL2013D01E001,RELATED,POSITIVE,BMW repairs,UNIMPORTANT,1339418289
2.12E+17,bmwblog,RL2013D01E001,RELATED,POSITIVE,Review of car models,MILDLY_IMPORTANT,1339419883
2.12E+17,porhomme,RL2013D01E001,RELATED,NEUTRAL,Comparison with competition,MILDLY_IMPORTANT,1339419898
2.12E+17,CWinyard,RL2013D01E001,RELATED,NEUTRAL,other topics,UNIMPORTANT,1339420471
2.12E+17,otmezger,RL2013D01E001,RELATED,NEUTRAL,other topics,UNIMPORTANT,1339421603
2.12E+17,MiguelSkywalk3r,RL2013D01E001,RELATED,NEGATIVE,BMW stolen,UNIMPORTANT,1339422927
2.12E+17,TomFryatt,RL2013D01E001,RELATED,NEUTRAL,other topics,UNIMPORTANT,1339425652
2.12E+17,kishdelarosa,RL2013D01E001,RELATED,POSITIVE,Opinion about BMW,MILDLY_IMPORTANT,1339430245
2.12E+17,poceruc,RL2013D01E001,RELATED,POSITIVE,BMW merchandising for sale,MILDLY_IMPORTANT,1339430487
2.12E+17,miarandall,RL2013D01E001,RELATED,NEUTRAL,other topics,UNIMPORTANT,1339430561
2.12E+17,aledddavies,RL2013D01E001,RELATED,NEUTRAL,other topics,UNIMPORTANT,1339430738
2.12E+17,refineddetail,RL2013D01E001,RELATED,POSITIVE,Videos of BMW,MILDLY_IMPORTANT,1339433073
2.12E+17,MiSS_KLOC,RL2013D01E001,RELATED,POSITIVE,Opinion about BMW,MILDLY_IMPORTANT,1339434102
2.12E+17,wilson_raven,RL2013D01E001,RELATED,NEUTRAL,other topics,UNIMPORTANT,1339436074
2.12E+17,rosiemcfadzean,RL2013D01E001,RELATED,NEUTRAL,other topics,UNIMPORTANT,1339436123
2.12E+17,Carrrliesworld,RL2013D01E001,RELATED,POSITIVE,Drive a BMW,UNIMPORTANT,1339436193
2.12E+17,STOPfx,RL2013D01E001,RELATED,POSITIVE,BMW sales,MILDLY_IMPORTANT,1339437609
2.12E+17,the_ulialexiel,RL2013D01E001,RELATED,NEUTRAL,Comparison with competition,MILDLY_IMPORTANT,1339437995
2.12E+17,tmaes,RL2013D01E001,RELATED,POSITIVE,Apple's Siri Buttons on BMW Steering Wheels,MILDLY_IMPORTANT,1339438823
2.12E+17,JAMBinnovations,RL2013D01E001,RELATED,POSITIVE,Apple's Siri Buttons on BMW Steering Wheels,MILDLY_IMPORTANT,1339438830
2.12E+17,macrumorslive,RL2013D01E001,RELATED,POSITIVE,Apple's Siri Buttons on BMW Steering Wheels,MILDLY_IMPORTANT,1339438858
2.12E+17,odinvpole,RL2013D01E001,RELATED,POSITIVE,Apple's Siri Buttons on BMW Steering Wheels,MILDLY_IMPORTANT,1339438864
2.12E+17,downlz,RL2013D01E001,RELATED,POSITIVE,Apple's Siri Buttons on BMW Steering Wheels,MILDLY_IMPORTANT,1339438917
2.12E+17,fondeur27,RL2013D01E001,RELATED,POSITIVE,Apple's Siri Buttons on BMW Steering Wheels,MILDLY_IMPORTANT,1339439503
2.12E+17,BenderDrummer,RL2013D01E001,RELATED,POSITIVE,Apple's Siri Buttons on BMW Steering Wheels,MILDLY_IMPORTANT,1339440089
2.12E+17,TechCrunch,RL2013D01E001,RELATED,POSITIVE,Apple's Siri Buttons on BMW Steering Wheels,MILDLY_IMPORTANT,1339440456
2.12E+17,JBauer94,RL2013D01E001,RELATED,NEGATIVE,Drive a BMW,UNIMPORTANT,1339441349
2.12E+17,alanadeann,RL2013D01E001,UNRELATED,,,,1339442426
2.12E+17,roywasse,RL2013D01E001,RELATED,POSITIVE,Apple's Siri Buttons on BMW Steering Wheels,MILDLY_IMPORTANT,1339442522
2.12E+17,wendsgh,RL2013D01E001,RELATED,NEUTRAL,other topics,UNIMPORTANT,1339442767
2.12E+17,SJ_Used_BMWMINI,RL2013D01E001,RELATED,POSITIVE,BMW vehicles for sale,MILDLY_IMPORTANT,1339443568
2.10E+17,gregmelandow,RL2013D01E001,RELATED,POSITIVE,Raffle to win a BMW,UNIMPORTANT,1338888203
2.10E+17,trunkfulcrypt,RL2013D01E001,RELATED,NEGATIVE,Opinion about BMW,MILDLY_IMPORTANT,1338977570
2.09E+17,belarba,RL2013D01E001,RELATED,POSITIVE,Pictures of BMW,MILDLY_IMPORTANT,1338656857
2.10E+17,eloii19,RL2013D01E001,RELATED,POSITIVE,Own a BMW,UNIMPORTANT,1338958715
2.10E+17,hrairkhoshafian,RL2013D01E001,RELATED,POSITIVE,Pictures of BMW,MILDLY_IMPORTANT,1338809830
2.11E+17,dannipm,RL2013D01E001,RELATED,POSITIVE,Pictures of BMW,MILDLY_IMPORTANT,1339075467
2.12E+17,Pogue,RL2013D01E001,RELATED,POSITIVE,Apple's Siri Buttons on BMW Steering Wheels,MILDLY_IMPORTANT,1339438835